appliedFreq,appliedTransformation,databank,description,error,freqCode,geoTitle,mnemonic,var,observedAttribute,source,lastHistory,2000-12-31,2001-12-31,2002-12-31,2003-12-31,2004-12-31,2005-12-31,2006-12-31,2007-12-31,2008-12-31,2009-12-31,2010-12-31,2011-12-31,2012-12-31,2013-12-31,2014-12-31,2015-12-31,2016-12-31,2017-12-31,2018-12-31,2019-12-31,2020-12-31,2021-12-31,2022-12-31,2023-12-31,2024-12-31,2025-12-31,2026-12-31,2027-12-31,2028-12-31,2029-12-31,2030-12-31,2031-12-31,2032-12-31,2033-12-31,2034-12-31,2035-12-31,2036-12-31,2037-12-31,2038-12-31,2039-12-31,2040-12-31,2041-12-31,2042-12-31,2043-12-31,2044-12-31,2045-12-31,2046-12-31,2047-12-31,2048-12-31,2049-12-31,2050-12-31,2051-12-31,2052-12-31,2053-12-31,2054-12-31,2055-12-31
204,0,USFOR.db,"Baseline Scenario (July 2025): Employment: Total Nonagricultural, (Mil. #, SA)",NA,ANNUAL,United States,FET.IUSA,jobs_tot_us,AVERAGED,U.S. Bureau of Labor Statistics (BLS); Moody's Analytics Forecasted,2024-12-31,132.01749999999998,132.07841666666667,130.63358333333335,130.3251666666667,131.7555,134.02316666666667,136.43266666666668,137.97833333333332,137.22633333333334,131.291,130.33475,131.91666666666666,134.15416666666667,136.3605,138.92266666666666,141.80133333333333,144.33216666666667,146.6105,148.89366666666666,150.90558333333334,142.16141666666667,146.27708333333334,152.53583333333333,155.87908333333334,157.96041666666667,159.6328287182788,160.0991238159885,160.49517448886934,161.3019552790229,162.34085100316824,163.75001146668887,165.07665340163834,165.84916301687554,166.20415173826999,166.41286535025824,166.6801836692273,167.15807388590994,167.6979283636632,168.21553408606152,168.7441312517269,169.2003980260565,169.60987712139456,169.97988377335048,170.31160690275487,170.61371336569664,170.8939794729756,171.14512781236917,171.3266772101209,171.47622839968912,171.65209383188102,171.84920608540017,172.05495786874576,172.2439450233583,172.3608527100704,172.38416331695538,172.34149767227248
204,0,USFOR.db,"Baseline Scenario (July 2025): Employment: Natural Resources and Mining, (Mil. #, SA)",NA,ANNUAL,United States,FERM.IUSA,jobs_NA_us,AVERAGED,U.S. Bureau of Labor Statistics (BLS); Moody's Analytics Forecasted,2024-12-31,0.5991666666666666,0.6061666666666667,0.5826666666666667,0.5720000000000001,0.5904166666666668,0.6273333333333333,0.6840833333333334,0.7234166666666666,0.76625,0.6939166666666666,0.7045833333333333,0.7877500000000001,0.84775,0.86275,0.8904166666666666,0.81325,0.6680833333333334,0.6751666666666666,0.7266666666666666,0.7266666666666667,0.5993333333333334,0.5596666666666666,0.6051666666666666,0.6380833333333333,0.6266666666666666,0.624421630782867,0.6217996186980702,0.6163207342304973,0.610764285875296,0.6065447433553155,0.6030812045234727,0.6017598991608161,0.6009450881066082,0.5978229057667246,0.5929412008076999,0.586079315800611,0.5783247903932245,0.5714166985916747,0.5635571113794786,0.556862843210362,0.5498470482673851,0.5415064826925591,0.5325909651962367,0.5225623573383511,0.511542059073841,0.49940514376516126,0.4860385591047744,0.47122102878593886,0.4574141602595817,0.4436505777416824,0.4288106057297082,0.41519808424589433,0.40353986141892134,0.3926573219189053,0.3821386786168456,0.371856998559431
204,0,USFOR.db,"Baseline Scenario (July 2025): Employment: Logging, (Mil. #, SA)",NA,ANNUAL,United States,FE1133.IUSA,jobs_natresource_us,AVERAGED,U.S. Bureau of Labor Statistics (BLS); Moody's Analytics Forecasted,2024-12-31,0.078875,0.07343333333333332,0.07049166666666666,0.06945,0.06768333333333335,0.06529166666666666,0.06453333333333333,0.06009166666666666,0.05651666666666667,0.050324999999999995,0.04984166666666666,0.04878333333333334,0.05074166666666667,0.051716666666666675,0.051908333333333334,0.0524,0.05110833333333334,0.04950833333333333,0.0494,0.04881666666666667,0.046474999999999995,0.04629166666666666,0.04453333333333334,0.044700000000000004,0.04006666666666667,0.03915193250919277,0.039093368001738224,0.038906861210763546,0.03886646764608418,0.038796945848413346,0.03873035958811418,0.03862763798501873,0.038387172579161355,0.03808464671090978,0.03773358107858492,0.03740783868810919,0.0371041230971966,0.03683176871306266,0.036580862561040886,0.036364432453578274,0.036242851014432316,0.03622850616905941,0.036303862393500246,0.036484510278271834,0.03678282552858831,0.03710728944939877,0.03742758885110062,0.03773231796716908,0.03802721205067161,0.03832598084754211,0.03862301508014081,0.0389196970348804,0.0392096879369509,0.03948102529960381,0.039730392214912286,0.03996243057999361
204,0,USFOR.db,"Baseline Scenario (July 2025): Employment: Mining, (Mil. #, SA)",NA,ANNUAL,United States,FE21.IUSA,jobs_min_us,AVERAGED,U.S. Bureau of Labor Statistics (BLS); Moody's Analytics Forecasted,2024-12-31,0.5201583333333333,0.5324833333333333,0.5122166666666667,0.5025583333333334,0.522725,0.5620666666666666,0.6195583333333333,0.6634,0.709575,0.6435833333333333,0.6546916666666667,0.7390666666666666,0.7969083333333333,0.8108083333333334,0.8384083333333334,0.7608250000000001,0.6169,0.6257250000000001,0.6772666666666667,0.6779166666666667,0.5526583333333334,0.5134,0.5606416666666667,0.5933583333333334,0.5866,0.5851363649403409,0.5827062506963319,0.5774138730197337,0.5718978182292119,0.5677477975069022,0.5643508449353585,0.5631322611757973,0.5625579155274468,0.5597382590558148,0.5552076197291149,0.5486714771125017,0.5412206672960278,0.5345849298786121,0.5269762488184377,0.5204984107567837,0.5136041972529527,0.5052779765234996,0.4962871028027364,0.48607784706007934,0.4747592335452527,0.4622978543157624,0.4486109702536738,0.43348871081876983,0.41938694820891004,0.40532459689414024,0.3901875906495674,0.3762783872110139,0.3643301734819704,0.3531762966193015,0.34240828640193327,0.3318945679794374
204,0,USFOR.db,"Baseline Scenario (July 2025): Employment: Construction, (Mil. #, SA)",NA,ANNUAL,United States,FE23.IUSA,jobs_const_us,AVERAGED,U.S. Bureau of Labor Statistics (BLS); Moody's Analytics Forecasted,2024-12-31,6.787916666666667,6.8265,6.715333333333334,6.735666666666667,6.973166666666667,7.3334166666666665,7.689583333333333,7.6273333333333335,7.162333333333333,6.017333333333333,5.5183333333333335,5.529916666666667,5.645499999999999,5.857083333333334,6.150833333333333,6.460000000000001,6.726666666666667,6.967083333333333,7.288333333333334,7.493083333333333,7.255416666666666,7.437,7.763416666666666,8.007333333333333,8.211,8.325660975537335,8.335343402036408,8.309578234808443,8.295193473379003,8.274276859524637,8.26175797850334,8.253364225209639,8.237866485075894,8.195180564828384,8.149434469036681,8.117260824813304,8.105199106917935,8.099032724112561,8.08890330730462,8.083984421893998,8.069518975444614,8.049861233741447,8.029890220342669,8.011191316157205,7.993075118926165,7.973776087669142,7.95826607866813,7.940604640366723,7.916375365391586,7.897596447630187,7.89193452881057,7.887844107744234,7.881143844224363,7.86891525193286,7.850257229086255,7.825692464497703
204,0,USFOR.db,"Baseline Scenario (July 2025): Employment: Manufacturing - Total, (Mil. #, SA)",NA,ANNUAL,United States,FEMF.IUSA,jobs_man_us,AVERAGED,U.S. Bureau of Labor Statistics (BLS); Moody's Analytics Forecasted,2024-12-31,17.265,16.440666666666665,15.257,14.508416666666667,14.314916666666665,14.224,14.152416666666666,13.871416666666665,13.394583333333333,11.83625,11.51425,11.710416666666667,11.907666666666668,11.996833333333333,12.16,12.30775,12.323500000000001,12.406416666666667,12.652916666666666,12.778833333333333,12.125,12.311833333333334,12.768166666666666,12.872833333333334,12.817666666666666,12.765154169029728,12.751589699270792,12.748914935392534,12.74603700687184,12.724631603673702,12.707709662938555,12.67262401827145,12.5927371385134,12.4809079699738,12.360574358149357,12.248965734620073,12.155524056282315,12.070982934685452,11.989200316437364,11.910420081979064,11.827025440333058,11.741755021592674,11.656789255521108,11.571510474289026,11.487973152811414,11.405897828287749,11.32587782312481,11.244814909218483,11.160258527768406,11.07731237895758,10.998196777655558,10.921743082898384,10.845359206464245,10.766073468637956,10.681517953557751,10.592091608371383
204,0,USFOR.db,"Baseline Scenario (July 2025): Employment: Manufacturing - Durable Goods, (Mil. #, SA)",NA,ANNUAL,United States,FEMFD.IUSA,jobs_NA_us,AVERAGED,U.S. Bureau of Labor Statistics (BLS); Moody's Analytics Forecasted,2024-12-31,10.878166666666665,10.335666666666667,9.484166666666667,8.963,8.92475,8.953083333333334,8.97775,8.801000000000002,8.45375,7.272666666666667,7.049833333333334,7.256916666666666,7.450083333333334,7.524333333333334,7.649,7.737916666666667,7.683666666666666,7.7076666666666664,7.910666666666667,8.000499999999999,7.53225,7.638416666666666,7.9232499999999995,8.022916666666667,7.965916666666667,7.907970685807563,7.905719413225447,7.926237229330222,7.947828172238706,7.953421893734502,7.959925011883017,7.949518370811896,7.904770057300791,7.83714756410793,7.762361751591773,7.693793901615161,7.639158161528102,7.590749501001843,7.542851536078313,7.495366897111363,7.443697419369567,7.390068137126663,7.337576098128701,7.285396745850928,7.234962673102541,7.18569210865575,7.137937303207795,7.089686456740753,7.0386277310142615,6.9881488579417885,6.940363277474117,6.89393938760978,6.847123625275247,6.798182701663086,6.745531478360412,6.689539216630804
204,0,USFOR.db,"Baseline Scenario (July 2025): Employment: Manufacturing - Nondurable Goods, (Mil. #, SA)",NA,ANNUAL,United States,FEMFN.IUSA,jobs_NA_us,AVERAGED,U.S. Bureau of Labor Statistics (BLS); Moody's Analytics Forecasted,2024-12-31,6.386833333333334,6.1049999999999995,5.772833333333333,5.545416666666666,5.3901666666666666,5.2709166666666665,5.174666666666667,5.070416666666667,4.940833333333333,4.563583333333334,4.464416666666667,4.4535,4.457583333333334,4.4725,4.511,4.569833333333333,4.639833333333334,4.69875,4.74225,4.778333333333333,4.5927500000000006,4.673416666666666,4.844916666666666,4.849916666666666,4.851750000000001,4.857183483222165,4.845870286045344,4.822677706062311,4.798208834633135,4.771209709939197,4.747784651055539,4.723105647459555,4.687967081212609,4.643760405865869,4.598212606557583,4.555171833004911,4.516365894754214,4.480233433683608,4.446348780359051,4.415053184867702,4.383328020963492,4.3516868844660115,4.319213157392408,4.286113728438097,4.2530104797088715,4.220205719631998,4.1879405199170145,4.15512845247773,4.121630796754144,4.089163521015791,4.057833500181441,4.027803695288604,3.9982355811889967,3.967890766974868,3.935986475197339,3.902552391740579
204,0,USFOR.db,"Baseline Scenario (July 2025): Employment: Manufacturing - Food, (Mil. #, SA)",NA,ANNUAL,United States,FE311.IUSA,jobs_NA_us,AVERAGED,U.S. Bureau of Labor Statistics (BLS); Moody's Analytics Forecasted,2024-12-31,1.5534,1.5503916666666666,1.5249333333333333,1.5174083333333335,1.4940499999999999,1.4776083333333332,1.4794333333333332,1.4837333333333333,1.4802999999999997,1.456825,1.4508833333333333,1.4589166666666666,1.4692083333333334,1.4737166666666666,1.4845416666666666,1.5119833333333332,1.5569666666666668,1.5979166666666664,1.6209083333333334,1.6450583333333333,1.6151,1.6377583333333332,1.6973583333333333,1.7343666666666666,1.7678333333333334,1.776785833572477,1.7854212866658592,1.7853991534276819,1.783597767742596,1.7800973370747435,1.777686203745681,1.7756855968601932,1.7710025151721966,1.762358402521372,1.7524170972736066,1.742616657742685,1.7336703829496747,1.7253977107628655,1.718090346103924,1.7120526662032098,1.7058276692868708,1.6994463080913311,1.6926640037543073,1.6855696789145247,1.6781936584577286,1.6703877527834863,1.6624637714507098,1.654243098116584,1.645479025326799,1.6368577722292519,1.6284860658290121,1.6205587713304106,1.6127802243406677,1.604598254286887,1.5956766369156492,1.5858938338716118
204,0,USFOR.db,"Baseline Scenario (July 2025): Employment: Manufacturing - Beverages and Tobacco Products, (Mil. #, SA)",NA,ANNUAL,United States,FE312.IUSA,jobs_NA_us,AVERAGED,U.S. Bureau of Labor Statistics (BLS); Moody's Analytics Forecasted,2024-12-31,0.20721742179204292,0.20735172035533378,0.20756750082020708,0.19865669387115498,0.19394016607844433,0.19244308843572244,0.19457297794866424,0.1978320316872654,0.1980655709146301,0.18714624505629027,0.18338179797423465,0.18613139951218574,0.19315929438356852,0.20049063583585452,0.21039078255276836,0.22828469809330815,0.24718982429761366,0.2629272729051113,0.2734930054473852,0.2862964898156488,0.27573134325129883,0.2981085095082871,0.3247054073210739,0.3345183384349629,0.3404445957356867,0.3488426890423749,0.3461665479345505,0.3425093177070373,0.33923986393141337,0.3361006977825303,0.3330789105765327,0.32972807428432616,0.32551135834268113,0.320709209086801,0.3153808056988249,0.309957309532989,0.30459292290112516,0.2993596411873168,0.29423522538314506,0.2890152912504551,0.2838360660788532,0.27875056789596125,0.2733832167853585,0.26796198428469725,0.26260814804274546,0.25739773883498024,0.2522497413168786,0.24702960368117127,0.24183787221857128,0.23674480429173186,0.23170515079738346,0.22674111463887736,0.2218169806167078,0.2168729534742934,0.21189660330877547,0.20691453147568134
204,0,USFOR.db,"Baseline Scenario (July 2025): Employment: Manufacturing - Textile Mills, (Mil. #, SA)",NA,ANNUAL,United States,FE313.IUSA,jobs_NA_us,AVERAGED,U.S. Bureau of Labor Statistics (BLS); Moody's Analytics Forecasted,2024-12-31,0.37845000000000006,0.3329916666666667,0.29099166666666665,0.2613,0.236825,0.21785,0.19520833333333332,0.16974166666666665,0.1512,0.12423333333333333,0.11914166666666666,0.12,0.11854166666666666,0.117125,0.11710833333333333,0.11653333333333335,0.1144,0.11255,0.11174166666666667,0.10835,0.09571666666666667,0.09775833333333332,0.097275,0.09009166666666667,0.08660833333333333,0.08477702191302244,0.08190217349277436,0.07976900161428903,0.07799076011679762,0.0763096392738387,0.07484438023044424,0.07318043517436183,0.07123225377113093,0.06930702858787492,0.0673915735020927,0.06562936822774018,0.06400514172061614,0.06250230611243836,0.061080221992199195,0.05970726973695925,0.05841406713094453,0.0571292899723837,0.05584881807786562,0.054652053186246406,0.05353530973481724,0.052465038772364546,0.0514258444551539,0.05039457564713648,0.04937933861442181,0.04839020026437243,0.04743208221741096,0.04649097369667801,0.04555953186857574,0.04462556295941104,0.043680350771480435,0.042730046683845876
204,0,USFOR.db,"Baseline Scenario (July 2025): Employment: Manufacturing - Textile Product Mills, (Mil. #, SA)",NA,ANNUAL,United States,FE314.IUSA,jobs_NA_us,AVERAGED,U.S. Bureau of Labor Statistics (BLS); Moody's Analytics Forecasted,2024-12-31,0.22962500000000002,0.217025,0.20421666666666669,0.18776666666666667,0.18328333333333335,0.17648333333333333,0.166625,0.15741666666666668,0.147175,0.12571666666666667,0.11915,0.11770833333333333,0.11624999999999999,0.11441666666666667,0.11505833333333332,0.11604166666666667,0.11619166666666667,0.116125,0.11595,0.11353333333333333,0.10258333333333335,0.10339166666666666,0.10394166666666668,0.0999,0.09955833333333333,0.09852216549326184,0.09558072284822057,0.09316331746773307,0.09111326423775584,0.08912821174650137,0.08721644788974679,0.08524675908301768,0.08286858221132351,0.08031885797290184,0.07788671701742021,0.0755274187429085,0.07335137261680398,0.07131209182989856,0.0693605841455203,0.06743571938496085,0.06555535404981598,0.06384566912053546,0.062243700493801346,0.0606788884053036,0.05926059359858815,0.05795366210302985,0.0566869809562332,0.05543115738230605,0.05419729562852738,0.05299733260925328,0.05182779215726922,0.05068080624230052,0.049548441392838136,0.048415050443380445,0.047272605063589504,0.046128375080367975
204,0,USFOR.db,"Baseline Scenario (July 2025): Employment: Manufacturing - Apparel, (Mil. #, SA)",NA,ANNUAL,United States,FE315.IUSA,jobs_NA_us,AVERAGED,U.S. Bureau of Labor Statistics (BLS); Moody's Analytics Forecasted,2024-12-31,0.483575,0.41523333333333334,0.3499333333333333,0.30378333333333335,0.27804166666666663,0.25059166666666666,0.23249166666666665,0.214675,0.19892500000000002,0.16742500000000002,0.156425,0.15184166666666668,0.14801666666666666,0.14465833333333333,0.14011666666666667,0.136375,0.130775,0.11928333333333334,0.11385833333333334,0.11019999999999999,0.09022500000000001,0.09138333333333334,0.09228333333333333,0.08997499999999999,0.08450833333333332,0.08230102201591019,0.07768288364482241,0.07455871512199905,0.07193211932484778,0.06924020016100883,0.06661125691533568,0.06388893828624533,0.060994203018490026,0.05804885173596753,0.0552174471794455,0.05259833547623587,0.05019747209296826,0.04798411294385778,0.04589394212520762,0.04392642206407191,0.04207716450136045,0.04037128410142303,0.03877568034846963,0.03734781712928244,0.03607629201702355,0.03485301044810458,0.033666312221107775,0.032499716126505554,0.03135960445612354,0.03025879459558633,0.029200383963793316,0.028173698067399437,0.027177396307466656,0.026204155681123924,0.025246747450341514,0.024308743267594142
204,0,USFOR.db,"Baseline Scenario (July 2025): Employment: Manufacturing - Leather and Allied Products, (Mil. #, SA)",NA,ANNUAL,United States,FE316.IUSA,jobs_NA_us,AVERAGED,U.S. Bureau of Labor Statistics (BLS); Moody's Analytics Forecasted,2024-12-31,0.06875755824437474,0.0596316253121874,0.05007417512888958,0.0454599722868854,0.042609828708136094,0.03907356335362493,0.03655204748265087,0.03438461832188986,0.03320107833158576,0.029345428095361774,0.02810151399679403,0.02954362197727553,0.029732372664567883,0.02961767867830562,0.02878420905489766,0.02934031462234942,0.029310185874912367,0.028164386640787124,0.027615319239300995,0.027386850892765956,0.02431858795699381,0.025341504606092823,0.02686962904570668,0.027681655970147795,0.028172058978261878,0.02871658725528108,0.027810412308159414,0.027459954983993864,0.027448015093756446,0.027395246290430476,0.02732328156490636,0.027183002314926263,0.02692712509088534,0.026648007878646914,0.02641865393009742,0.026133215414758517,0.025942109761443993,0.02574715311005256,0.025640801155978526,0.025653336276001755,0.02569237053723166,0.025788397985752255,0.025989476659541686,0.02629047031549653,0.026675751188511957,0.027076746569633332,0.02748445600253123,0.027884247897606,0.028286807765342342,0.028702432988200376,0.029124522606393966,0.029546131666799837,0.029964023561240567,0.03037840855788535,0.03078241622230398,0.03117799312635646
204,0,USFOR.db,"Baseline Scenario (July 2025): Employment: Manufacturing - Wood Products, (Mil. #, SA)",NA,ANNUAL,United States,FE321.IUSA,jobs_NA_us,AVERAGED,U.S. Bureau of Labor Statistics (BLS); Moody's Analytics Forecasted,2024-12-31,0.6154666666666666,0.5763916666666666,0.5570583333333334,0.539425,0.5517666666666666,0.5611833333333334,0.5607166666666668,0.5169916666666666,0.4577916666666667,0.36039166666666667,0.3419333333333333,0.3368333333333333,0.3391333333333333,0.35319999999999996,0.37172499999999997,0.3824583333333333,0.39259166666666667,0.39729166666666665,0.4060083333333333,0.40891666666666665,0.39603333333333335,0.4099333333333333,0.4273166666666666,0.41873333333333335,0.41725,0.4158137661236191,0.41706913250233446,0.4173340549031523,0.4178980667939628,0.4181903200626121,0.41843132317589293,0.4181091671865099,0.41659438463485715,0.4141320448312028,0.411166779538058,0.4083219407618679,0.40568780224376955,0.40316105451642464,0.4006965148311891,0.39844050886397286,0.3960959187344298,0.39371189832839903,0.39136263310057456,0.38903676511836344,0.3867915753613186,0.38451511598786514,0.38221296301788854,0.3798692901256945,0.37747997957500923,0.37515409232222097,0.37284802890491137,0.370578262527049,0.3683437247795265,0.36595596673381253,0.36337333061367344,0.3606135403708165
204,0,USFOR.db,"Baseline Scenario (July 2025): Employment: Manufacturing - Paper and Paper Products, (Mil. #, SA)",NA,ANNUAL,United States,FE322.IUSA,jobs_NA_us,AVERAGED,U.S. Bureau of Labor Statistics (BLS); Moody's Analytics Forecasted,2024-12-31,0.6047583333333333,0.577725,0.5466416666666666,0.5162833333333333,0.49551666666666666,0.4842,0.47050833333333336,0.45813333333333334,0.44493333333333335,0.40695000000000003,0.39453333333333335,0.387175,0.3799666666666667,0.3779916666666667,0.3734916666666667,0.3726083333333333,0.3706083333333333,0.36610833333333337,0.36541666666666667,0.3651749999999999,0.35465,0.34965833333333335,0.363,0.35850000000000004,0.354525,0.3553673722233627,0.3500820311631367,0.34363918251001,0.33737026758315913,0.3313021643969146,0.32583294346858394,0.32055236596234865,0.31481439344065404,0.30863109703095437,0.3026006342960209,0.29678256691854443,0.29106705087706586,0.2854608242112481,0.2799603004534428,0.2747436872164213,0.2695377184319564,0.2642966452796196,0.25889246484974127,0.25323825933428956,0.24745507258654875,0.2418007446913191,0.23622282462593086,0.23060991832706132,0.22502423081367068,0.219533620319352,0.21414438776489036,0.2088664570106308,0.20365714842119456,0.19844930912136238,0.19322156823322148,0.18800257421585476
204,0,USFOR.db,"Baseline Scenario (July 2025): Employment: Manufacturing - Printing and Related Support Activities, (Mil. #, SA)",NA,ANNUAL,United States,FE323.IUSA,jobs_NA_us,AVERAGED,U.S. Bureau of Labor Statistics (BLS); Moody's Analytics Forecasted,2024-12-31,0.8067166666666667,0.7683416666666667,0.7066166666666667,0.6803166666666667,0.6626666666666666,0.6462333333333333,0.6343,0.6220083333333333,0.5940916666666667,0.521925,0.4876833333333333,0.4717166666666667,0.4617416666666667,0.452,0.45361666666666667,0.4502,0.44749999999999995,0.4401666666666667,0.4322333333333333,0.42511666666666664,0.3752833333333333,0.36878333333333335,0.37856666666666666,0.36856666666666665,0.3572583333333334,0.35136021598772393,0.3457601473463924,0.3410389449454416,0.3377506843695833,0.335357078784174,0.3340025957832573,0.3326673496490868,0.3294512761137601,0.3255191235246996,0.32169993952465825,0.3183734741733438,0.31615818508412824,0.3147441358553405,0.31369346689131583,0.31262466803298294,0.31130557317870794,0.3098484189080678,0.30837014250355216,0.3068924711306955,0.30545301276305636,0.30404726973913326,0.30262757413280694,0.3012194436866824,0.2998449704687943,0.29857742918207036,0.2974221192295462,0.2963625232273365,0.29533290568662524,0.2942464731187123,0.2930124385247845,0.2916900233764078
204,0,USFOR.db,"Baseline Scenario (July 2025): Employment: Manufacturing - Petroleum and Coal Products, (Mil. #, SA)",NA,ANNUAL,United States,FE324.IUSA,jobs_NA_us,AVERAGED,U.S. Bureau of Labor Statistics (BLS); Moody's Analytics Forecasted,2024-12-31,0.1232,0.12108333333333335,0.1179,0.11430833333333335,0.1116,0.11211666666666666,0.113175,0.11446666666666667,0.11726666666666669,0.11539166666666667,0.11389166666666665,0.11184166666666667,0.11197499999999999,0.11029166666666668,0.11169166666666666,0.1128,0.11249166666666668,0.11467500000000001,0.115225,0.11430833333333333,0.10749166666666668,0.105225,0.10600833333333334,0.108425,0.10957499999999999,0.10712817073638806,0.10615373509997539,0.10542519149578583,0.10474019450636475,0.10408523348412377,0.10354369682174311,0.10296279346646049,0.1022355657246535,0.10132480229940946,0.10029473647201384,0.09932093913980755,0.09838778145385922,0.09747654639460782,0.09658377160985128,0.0957572285547493,0.09489855463628631,0.09400123574200324,0.09305694171263917,0.09204746524303284,0.09098761854758472,0.08992799428606355,0.08887668803864707,0.08780868780765126,0.08673268590735865,0.08567617094028968,0.08462327276960738,0.08358404387463494,0.08254449211891858,0.08148134615602994,0.08038310262802606,0.07925147522589507
204,0,USFOR.db,"Baseline Scenario (July 2025): Employment: Manufacturing - Chemicals, (Mil. #, SA)",NA,ANNUAL,United States,FE325.IUSA,jobs_NA_us,AVERAGED,U.S. Bureau of Labor Statistics (BLS); Moody's Analytics Forecasted,2024-12-31,0.9803,0.9588916666666667,0.9274,0.9059499999999999,0.8872166666666668,0.8722583333333334,0.8661166666666666,0.8611333333333333,0.8468583333333334,0.8040833333333334,0.7862583333333333,0.7833333333333333,0.7836416666666667,0.792875,0.8025333333333334,0.8069500000000001,0.8118416666666667,0.8238,0.8351333333333333,0.851025,0.8452333333333333,0.8705833333333334,0.9009,0.8993833333333334,0.897875,0.9041858105004834,0.910344056724127,0.9135169872476653,0.9156386327501356,0.9164597338094962,0.9171515981804568,0.9172652603491569,0.915696186511813,0.9125906449612463,0.9097377815579424,0.9077417790614275,0.9065109330418121,0.9055521364622869,0.9047137742711262,0.9043165777954609,0.903740377910333,0.9031202364511244,0.9023266512042001,0.9012535150150025,0.9000111104494819,0.8989860669752887,0.8982483295933669,0.8974826466101726,0.8967296441170729,0.8963619647808713,0.8963084705080444,0.8965716425021821,0.896939149787797,0.8971400930014334,0.896987330605451,0.8964751270500849
204,0,USFOR.db,"Baseline Scenario (July 2025): Employment: Manufacturing - Plastics and Rubber Products, (Mil. #, SA)",NA,ANNUAL,United States,FE326.IUSA,jobs_NA_us,AVERAGED,U.S. Bureau of Labor Statistics (BLS); Moody's Analytics Forecasted,2024-12-31,0.9508583333333334,0.8962749999999999,0.8465333333333334,0.8140583333333334,0.8046333333333334,0.8020916666666666,0.7857333333333333,0.7569916666666667,0.7288666666666667,0.6245416666666668,0.62505,0.6353249999999999,0.645525,0.65935,0.6738333333333333,0.68885,0.7026333333333334,0.7170833333333334,0.7307583333333334,0.7319083333333334,0.7064833333333334,0.7254499999999999,0.7539416666666666,0.7385166666666666,0.7253833333333334,0.7192549236190471,0.7189662888173265,0.7161979395406741,0.7113872649767241,0.7057341671354352,0.7004933358788503,0.694745072029431,0.6872336218150205,0.6783043802659943,0.6691672201054604,0.6604907685744708,0.6524825422547161,0.6446967748136949,0.63709634622734,0.6298203183524286,0.6224431052211308,0.6150888309178089,0.6076620610029314,0.6001811254795255,0.5927539123227854,0.5853096944285952,0.577987997123648,0.5705253571948536,0.5627593214374618,0.5550629988148112,0.5475592523380892,0.5402275330313545,0.5329152870869647,0.525479160174349,0.5178266754737161,0.5099796683668785
204,0,USFOR.db,"Baseline Scenario (July 2025): Employment: Manufacturing - Nonmetallic Mineral Products, (Mil. #, SA)",NA,ANNUAL,United States,FE327.IUSA,jobs_NA_us,AVERAGED,U.S. Bureau of Labor Statistics (BLS); Moody's Analytics Forecasted,2024-12-31,0.554275,0.5443916666666667,0.5157333333333332,0.494325,0.5055583333333333,0.5050166666666667,0.5098083333333333,0.5004916666666667,0.4654083333333333,0.39445,0.37085833333333335,0.3665666666666667,0.365375,0.3731916666666666,0.384,0.3980666666666667,0.40621666666666667,0.4095916666666667,0.4161416666666667,0.418525,0.3995333333333334,0.404225,0.41765,0.4202416666666667,0.42214999999999997,0.4311524163377918,0.43139742744141435,0.43187765352831703,0.4326565372353251,0.4332190660273534,0.4339275849063263,0.4339163906839748,0.43234260357519383,0.4296131340412619,0.42681566596410836,0.42446822809405055,0.4227325063922521,0.42124933699979755,0.41982363580670995,0.4185222469264587,0.41701702198390195,0.4154202751138653,0.4138201535850019,0.41221691226044127,0.41063344337777097,0.40902831079392155,0.4074843988000726,0.40592884108770233,0.40424558923008125,0.40257949713038205,0.4010270282765982,0.39951854363145456,0.3979349589168213,0.3962042991898921,0.39429376532582394,0.39221610248574024
204,0,USFOR.db,"Baseline Scenario (July 2025): Employment: Manufacturing - Primary Metals, (Mil. #, SA)",NA,ANNUAL,United States,FE331.IUSA,jobs_NA_us,AVERAGED,U.S. Bureau of Labor Statistics (BLS); Moody's Analytics Forecasted,2024-12-31,0.6220416666666667,0.5706916666666667,0.5090916666666666,0.4772416666666667,0.4668416666666666,0.4660833333333333,0.46366666666666667,0.4555333333333333,0.4417916666666667,0.361975,0.3622166666666667,0.3883916666666667,0.40214166666666673,0.3953,0.39855833333333335,0.3939916666666667,0.3747,0.37144166666666667,0.38029166666666664,0.38714166666666666,0.35325833333333334,0.3504083333333333,0.3645333333333333,0.37445833333333334,0.37312499999999993,0.37375503086664763,0.36327221120464337,0.35183818878813927,0.34129079875168206,0.33118308742015723,0.3220803504943052,0.3135280650514859,0.3050655292332882,0.29663539112721937,0.28832694320323904,0.2804562402672831,0.272971371162262,0.26565005096841565,0.25833425946388144,0.2513446035924203,0.244536967445912,0.2378988648332554,0.231171880851264,0.22413068290786403,0.21705892321936865,0.21020663932035993,0.2034895937347022,0.19679076654219352,0.1901283980970416,0.1835959547575142,0.17729013579344927,0.17120212920766723,0.1652781435440006,0.15944066100795426,0.15365115551386807,0.14793791434029743
204,0,USFOR.db,"Baseline Scenario (July 2025): Employment: Manufacturing - Fabricated Metal Products, (Mil. #, SA)",NA,ANNUAL,United States,FE332.IUSA,jobs_NA_us,AVERAGED,U.S. Bureau of Labor Statistics (BLS); Moody's Analytics Forecasted,2024-12-31,1.7528916666666665,1.6765833333333333,1.5485666666666666,1.4786916666666667,1.4965916666666668,1.5216916666666667,1.5526083333333331,1.5623083333333332,1.5273166666666667,1.3122916666666664,1.2821666666666667,1.3482916666666667,1.409525,1.4316666666666666,1.4543499999999998,1.4578083333333336,1.4215916666666666,1.4246416666666666,1.4695,1.4852666666666667,1.3860166666666667,1.3818583333333332,1.4318583333333335,1.4471666666666667,1.441825,1.4407339913778336,1.4464200005397365,1.4537487045087538,1.4606564951400562,1.4640165998615915,1.465791747031538,1.464685187280259,1.4584647197768221,1.4483059616350904,1.4365481606909367,1.4250736290092854,1.415350451481545,1.4064747503249102,1.397916487923071,1.3895219076932828,1.3804860688607627,1.3710453181652946,1.3613874403172685,1.3515793038505786,1.3422387465275691,1.3332737092473095,1.324705342305688,1.3161087446866133,1.3068019095371983,1.2974282870796094,1.2887105228834161,1.2803209833428721,1.2718297567589736,1.2629569624149368,1.2533958971307135,1.243240730109402
204,0,USFOR.db,"Baseline Scenario (July 2025): Employment: Manufacturing - Machinery, (Mil. #, SA)",NA,ANNUAL,United States,FE333.IUSA,jobs_NA_us,AVERAGED,U.S. Bureau of Labor Statistics (BLS); Moody's Analytics Forecasted,2024-12-31,1.456983333333333,1.3703166666666664,1.2315666666666667,1.1518000000000002,1.1451333333333333,1.1644333333333332,1.1828333333333334,1.1869333333333332,1.187425,1.0290166666666667,0.996225,1.055675,1.0984500000000001,1.1045083333333334,1.1272666666666666,1.1206583333333333,1.0762916666666666,1.0789999999999997,1.1169250000000002,1.126283333333333,1.0547833333333334,1.0564333333333333,1.1062916666666665,1.1304833333333333,1.1189916666666668,1.1158793712862702,1.115776448635998,1.1194261291074845,1.1235552865679268,1.124145779804758,1.1241051381411489,1.1223288224425894,1.1167413085469078,1.1088217812149446,1.1001202711393823,1.0918831165180798,1.085586924492742,1.0803033814122949,1.0749049500551364,1.0693971928565515,1.0630316023582527,1.056191240958025,1.0493627781703325,1.0425760499891723,1.0363420229930251,1.030324533598656,1.0244296342801762,1.0187876461120298,1.012917431996928,1.0069008103418575,1.001381712652944,0.9961811170001665,0.9909355444845003,0.9853220028322194,0.9791053700116239,0.9724062378465341
204,0,USFOR.db,"Baseline Scenario (July 2025): Employment: Manufacturing - Computer and Electronic Products, (Mil. #, SA)",NA,ANNUAL,United States,FE334.IUSA,jobs_NA_us,AVERAGED,U.S. Bureau of Labor Statistics (BLS); Moody's Analytics Forecasted,2024-12-31,1.8200416666666668,1.7487666666666668,1.5073666666666667,1.3551916666666666,1.3225,1.3147250000000001,1.3035666666666668,1.266,1.235025,1.125,1.0801083333333332,1.0863833333333333,1.0694833333333333,1.0434916666666667,1.02415,1.0257416666666666,1.0184833333333332,1.006875,1.0192166666666667,1.0377583333333333,1.0228416666666666,1.0170833333333333,1.0446833333333334,1.0532583333333334,1.0278416666666668,1.0087577055025854,1.0115048809080804,1.0103112262390812,1.006465415214818,1.0009843713693016,0.9959124019078965,0.9907229951433896,0.9840300284400264,0.9759021297352786,0.9676060714834582,0.9602391161508942,0.9541226444559806,0.9485667961015202,0.943226996310807,0.9383644072914632,0.9331962909001402,0.9280430326142074,0.9229813977444393,0.9178764818753455,0.9128519226999937,0.9077279388935219,0.9025283253258374,0.8972323189949092,0.8916212186932301,0.8858991428769745,0.8802870354215626,0.8747438261738048,0.8690613933712416,0.8628787073608661,0.8560987983083553,0.848738704934195
204,0,USFOR.db,"Baseline Scenario (July 2025): Employment: Manufacturing - Electrical Equipment and Appliances, (Mil. #, SA)",NA,ANNUAL,United States,FE335.IUSA,jobs_NA_us,AVERAGED,U.S. Bureau of Labor Statistics (BLS); Moody's Analytics Forecasted,2024-12-31,0.5910416666666666,0.5568833333333334,0.49649999999999994,0.459375,0.4449416666666667,0.4336333333333333,0.432775,0.42945833333333333,0.4242166666666667,0.37330833333333335,0.359375,0.36595,0.37311666666666665,0.37404166666666666,0.3775666666666666,0.38355,0.3826,0.3862916666666667,0.3994666666666667,0.40265000000000006,0.38392499999999996,0.39215833333333333,0.406325,0.41735,0.41365833333333335,0.4062341638561486,0.4007648835465969,0.3949330315713666,0.3892690814708693,0.3831298404598091,0.3770383282329709,0.3706477480102719,0.363169225167148,0.3551456140391729,0.34678643748753113,0.3388112402550897,0.33147397373579646,0.3245426354859785,0.3180338997582618,0.31216161243301144,0.3066864032591359,0.30161548266119936,0.29681777887744604,0.2923516786316512,0.28818556328798217,0.28399523882456296,0.2798019095769184,0.2755773182856953,0.27121839991033797,0.2668792869431941,0.2626273615226279,0.2584292040164306,0.25424491503559227,0.2499752670904285,0.24559443145831647,0.24112271317122846
204,0,USFOR.db,"Baseline Scenario (July 2025): Employment: Manufacturing - Transportation Equipment, (Mil. #, SA)",NA,ANNUAL,United States,FE336.IUSA,jobs_NA_us,AVERAGED,U.S. Bureau of Labor Statistics (BLS); Moody's Analytics Forecasted,2024-12-31,2.05685,1.9389416666666666,1.8301250000000002,1.7751833333333336,1.7667333333333335,1.7722666666666667,1.7688916666666668,1.7117833333333332,1.6079083333333333,1.3479583333333334,1.333025,1.3817333333333333,1.4611583333333333,1.50895,1.5590000000000002,1.6046666666666667,1.6300583333333334,1.6431583333333335,1.7021833333333334,1.72905,1.590725,1.6453749999999998,1.7176916666666666,1.7767416666666667,1.7925416666666667,1.7633876637945727,1.7637728903182226,1.7895147467830388,1.8169877653878104,1.8374405651267154,1.8588012558713785,1.8711826966264433,1.8674841698903615,1.855060288596659,1.8398747521895147,1.8268697474068738,1.8196763900839537,1.8147939615234816,1.809015807302049,1.8014810214057881,1.7915248334521348,1.7800294083270374,1.7696843331400323,1.759917494730074,1.7507295525256976,1.7420999099544667,1.7339948145887538,1.7256988524905124,1.7168714323356469,1.708701596050517,1.7013025473712804,1.6941931841314177,1.6871345542237413,1.6797886491690128,1.671436675587747,1.6621740169875552
204,0,USFOR.db,"Baseline Scenario (July 2025): Employment: Manufacturing - Furniture and Related Products, (Mil. #, SA)",NA,ANNUAL,United States,FE337.IUSA,jobs_NA_us,AVERAGED,U.S. Bureau of Labor Statistics (BLS); Moody's Analytics Forecasted,2024-12-31,0.6803416666666666,0.6432166666666667,0.6049,0.5735333333333332,0.5740333333333334,0.56655,0.5587,0.5296333333333333,0.4779583333333334,0.3841416666666666,0.3570416666666666,0.3532,0.3512666666666666,0.35951666666666665,0.3703666666666666,0.3809666666666667,0.39015833333333333,0.3948666666666667,0.39270000000000005,0.387475,0.35904166666666665,0.373725,0.3785666666666667,0.35810000000000003,0.3433083333333333,0.3393323904798037,0.34015153162798184,0.34069778673465206,0.3418682668373858,0.343812628087699,0.3464618366046786,0.34813872752639313,0.34771411386012785,0.3452887524492544,0.3418124992973811,0.3387034412156895,0.33632451584198475,0.3342911103894894,0.3325751648945624,0.3308255234042118,0.3288755065407013,0.3269371178861996,0.32494109475437905,0.32279960993033413,0.3203195059085144,0.31783442542739127,0.3157551300053023,0.313404730906125,0.3104276882350448,0.30746729654205673,0.30467024429103995,0.30182785344740737,0.29876593052931616,0.2956664231253501,0.2925337146058063,0.2892975791607107
204,0,USFOR.db,"Baseline Scenario (July 2025): Employment: Manufacturing - Miscellaneous, (Mil. #, SA)",NA,ANNUAL,United States,FE339.IUSA,jobs_NA_us,AVERAGED,U.S. Bureau of Labor Statistics (BLS); Moody's Analytics Forecasted,2024-12-31,0.7282083333333332,0.7095416666666666,0.6832833333333334,0.6583583333333334,0.6504333333333333,0.6474666666666666,0.6441333333333333,0.6417666666666666,0.6288583333333333,0.5841333333333334,0.5668,0.5738583333333334,0.5802583333333333,0.5804333333333334,0.5818500000000001,0.5898749999999999,0.5909,0.5944583333333333,0.60815,0.6174083333333332,0.586025,0.6071916666666666,0.6284,0.6263749999999999,0.6152333333333333,0.6128658528489573,0.6155900065004396,0.6165557071662373,0.6171804588388691,0.6172996355145064,0.6173750455168823,0.6162585708605792,0.6131639741760588,0.6082424664378465,0.6033041705981637,0.5989672019360469,0.5952315816378161,0.5917164232795313,0.5883238197326456,0.5853078726442021,0.5822468058341964,0.5791754982391806,0.5760466075879628,0.5729117665571036,0.5698114172013014,0.5666862866076953,0.563535191572455,0.5602879475092786,0.5569156834037434,0.553542893897462,0.5502186603562877,0.5469442841315102,0.5435947036315345,0.5399937627386124,0.5360483398044839,0.5317916772243246
204,0,USFOR.db,"Baseline Scenario (July 2025): Employment: Trade; Transportation; and Utilities [42; 44 to 45; 48; 22], (Mil. #, SA)",NA,ANNUAL,United States,FETL.IUSA,jobs_NA_us,AVERAGED,U.S. Bureau of Labor Statistics (BLS); Moody's Analytics Forecasted,2024-12-31,26.152833333333334,25.908499999999997,25.41716666666667,25.199749999999998,25.444333333333333,25.862583333333333,26.17025,26.51741666666667,26.182916666666664,24.7965,24.526083333333332,24.948083333333336,25.349249999999998,25.732,26.250833333333333,26.752,27.124333333333333,27.33825,27.539250000000003,27.653416666666665,26.623416666666667,27.654916666666665,28.641000000000002,28.81675,28.919583333333335,29.132605597906178,29.254274808977243,29.354889252103018,29.486715335486387,29.63806745310722,29.82275725070479,29.97233140700993,30.02647935486751,30.015667958653047,29.986026703991264,29.96982072522166,29.975765005095887,29.98386947998975,29.989639624129385,30.000638653877363,29.994740235100657,29.975355394561277,29.94466145966819,29.906806968344974,29.87051621959045,29.829506649951103,29.782524934337076,29.7249351067097,29.66250305418869,29.60399961687068,29.549991536527873,29.496321012799324,29.438119590430293,29.36325450911597,29.270034094135895,29.164327597820037
204,0,USFOR.db,"Baseline Scenario (July 2025): Employment: Wholesale Trade, (Mil. #, SA)",NA,ANNUAL,United States,FE42.IUSA,jobs_tradewh_us,AVERAGED,U.S. Bureau of Labor Statistics (BLS); Moody's Analytics Forecasted,2024-12-31,5.888341666666667,5.728433333333334,5.606300000000001,5.556375,5.607383333333333,5.704924999999999,5.841283333333335,5.9482083333333335,5.874666666666667,5.520716666666667,5.3865083333333335,5.4746,5.59575,5.661108333333333,5.73945,5.779891666666666,5.786358333333334,5.8131,5.840275,5.888658333333334,5.632199999999999,5.709275,5.9793416666666666,6.10745,6.144699999999999,6.188281475619657,6.218107935532547,6.249161475205797,6.283669503012875,6.313814846238246,6.341400649879529,6.3637239731798525,6.371972057580342,6.365700446446221,6.353715125857574,6.343384479217483,6.337633617549983,6.333424545309186,6.329597926005404,6.32735245607999,6.321332900515232,6.311423359589129,6.297814593160325,6.281510661405644,6.264423589220426,6.246556899238096,6.227152720006358,6.206502853611466,6.184905840898704,6.163496248361948,6.143115415773201,6.123819602611146,6.104325706964403,6.082162735295022,6.056139229763342,6.026593201631736
204,0,USFOR.db,"Baseline Scenario (July 2025): Employment: Retail Trade, (Mil. #, SA)",NA,ANNUAL,United States,FERT.IUSA,jobs_traderet_us,AVERAGED,U.S. Bureau of Labor Statistics (BLS); Moody's Analytics Forecasted,2024-12-31,15.261025,15.218925,15.002775,14.895383333333335,15.03595,15.254066666666667,15.324124999999999,15.486775,15.253516666666666,14.490474999999996,14.406875000000001,14.629416666666668,14.797191666666667,15.033333333333333,15.313616666666668,15.560408333333333,15.780949999999999,15.789349999999999,15.7184,15.55005,14.813008333333332,15.260325,15.496133333333335,15.54585,15.529216666666665,15.5878037435192,15.632830176344191,15.648756956780954,15.684499200602705,15.742347440852166,15.8304444163341,15.90407179941587,15.927473059654028,15.921142344942211,15.907301505039603,15.89913847626499,15.900477369535553,15.899452988704677,15.894938512214429,15.894304882194731,15.88559019944829,15.869057925283899,15.846252508438662,15.818927495794368,15.791960065532294,15.759603448510482,15.722085116508648,15.678476262393,15.631847413331894,15.587111180456972,15.544302011589371,15.501459957459932,15.455785149502773,15.399683496222679,15.332684332707547,15.258210195459737
204,0,USFOR.db,"Baseline Scenario (July 2025): Employment: Transportation and Utilities, (Mil. #, SA)",NA,ANNUAL,United States,FETU.IUSA,jobs_NA_us,AVERAGED,U.S. Bureau of Labor Statistics (BLS); Moody's Analytics Forecasted,2024-12-31,5.003525,4.96105,4.8081,4.748091666666667,4.801066666666666,4.903499999999999,5.004758333333333,5.082483333333333,5.054708333333334,4.785191666666668,4.7326749999999995,4.8442083333333334,4.95625,5.037541666666667,5.19775,5.4116833333333325,5.55695,5.735816666666666,5.980541666666667,6.214575,6.178116666666666,6.685391666666666,7.165508333333333,7.163258333333333,7.245533333333333,7.356478712100655,7.4033366971005,7.4569708201162666,7.518546631870803,7.581905166016807,7.65091218449116,7.704535634414206,7.727034237633141,7.72882516726462,7.725010073094088,7.727297769739186,7.737654018010353,7.750991945975885,7.7651031859095525,7.778981315602644,7.7878171351371375,7.794874109688246,7.800594358069203,7.806368811144958,7.814132564837731,7.823346302202523,7.833287097822069,7.839955990705233,7.845749799958092,7.853392188051757,7.862574109165301,7.871041452728246,7.878008733963119,7.881408277598265,7.881210531665008,7.8795242007285635
204,0,USFOR.db,"Baseline Scenario (July 2025): Employment: Transportation and Warehousing, (Mil. #, SA)",NA,ANNUAL,United States,FERW.IUSA,jobs_transware_us,AVERAGED,U.S. Bureau of Labor Statistics (BLS); Moody's Analytics Forecasted,2024-12-31,4.402233333333333,4.362008333333334,4.211908333333334,4.171175,4.237416666666666,4.3495,4.456358333333332,4.5291500000000005,4.4958583333333335,4.225208333333334,4.17995,4.291633333333333,4.4035166666666665,4.48575,4.646458333333333,4.855824999999999,5.000616666666667,5.1804500000000004,5.427108333333333,5.665266666666667,5.6352916666666655,6.140516666666667,6.606483333333333,6.587416666666666,6.654141666666667,6.759626121302505,6.810452476375397,6.869932221647663,6.936868729430964,7.0058791663572,7.080154776723913,7.139431540025761,7.168779678209705,7.178193339052347,7.182110430834373,7.191748177025595,7.209055240186675,7.229124621475278,7.249509153489887,7.269291929167135,7.283829668856912,7.296222854953498,7.307010855696404,7.317579548456187,7.329917435029326,7.3436833607761285,7.358166495277564,7.369514978898115,7.380017573343409,7.392302870700641,7.4061396404218804,7.419253982988091,7.430942031146139,7.439258544689643,7.444194688917116,7.447805867456907
204,0,USFOR.db,"Baseline Scenario (July 2025): Employment: Utilities, (Mil. #, SA)",NA,ANNUAL,United States,FE22.IUSA,jobs_util_us,AVERAGED,U.S. Bureau of Labor Statistics (BLS); Moody's Analytics Forecasted,2024-12-31,0.6012916666666666,0.5990416666666666,0.5961916666666667,0.5769166666666666,0.56365,0.5539999999999999,0.5484,0.5533333333333333,0.5588500000000001,0.5599833333333333,0.5527249999999999,0.552575,0.5527333333333333,0.5517916666666667,0.5512916666666667,0.5558583333333333,0.5563333333333333,0.5553666666666667,0.5534333333333334,0.5493083333333333,0.542825,0.544875,0.559025,0.5758416666666668,0.5913916666666666,0.59685259079815145,0.5928842207251028,0.587038598468603,0.5816779024398395,0.5760259996596074,0.5707574077672459,0.5651040943884444,0.5582545594234366,0.550631828212272,0.5428996422597149,0.5355495927135931,0.5285987778236774,0.5218673245006075,0.5155940324196644,0.5096893864355082,0.5039874662802262,0.49865125473474753,0.4935835023727989,0.4887892626887709,0.48421512980840564,0.47966294142639554,0.4751206025445064,0.47044101180711734,0.4657322266146835,0.4610893173511156,0.4564344687434197,0.45178746974015477,0.4470667028169796,0.44214973290862175,0.4370158427478919,0.4317183332716564
204,0,USFOR.db,"Baseline Scenario (July 2025): Employment: Information, (Mil. #, SA)",NA,ANNUAL,United States,FE51.IUSA,jobs_info_us,AVERAGED,U.S. Bureau of Labor Statistics (BLS); Moody's Analytics Forecasted,2024-12-31,3.6304166666666666,3.629,3.3944166666666664,3.1883333333333335,3.1174166666666663,3.060916666666667,3.03825,3.031833333333333,2.9835000000000003,2.8035000000000005,2.7070833333333333,2.6729166666666666,2.6749166666666664,2.7047499999999998,2.7265,2.75,2.79375,2.8122499999999997,2.8374166666666665,2.8637499999999996,2.7196666666666665,2.8560833333333333,3.0621666666666663,3.007416666666667,2.9444166666666662,2.94653393002546,2.951903158398019,2.9491460710206083,2.9490815646793327,2.9499662037101317,2.9559648441630038,2.961380387917181,2.960798062173856,2.9572948018228438,2.9518906253036112,2.9450162731216576,2.939248345580123,2.934687514242734,2.9301279414236694,2.925099250916265,2.919365150549128,2.9137548279868573,2.9074322242008783,2.9022178595319037,2.8980432214683134,2.894009369163553,2.889364417792192,2.8828884307445084,2.875689761759982,2.868500312473778,2.860869478964611,2.8529576870151203,2.844291439420438,2.834028575593052,2.8219147488613228,2.8082336962327266
204,0,USFOR.db,"Baseline Scenario (July 2025): Employment: Financial Activities, (Mil. #, SA)",NA,ANNUAL,United States,FEFI.IUSA,jobs_NA_us,AVERAGED,U.S. Bureau of Labor Statistics (BLS); Moody's Analytics Forecasted,2024-12-31,7.783916666666667,7.900916666666666,7.956083333333333,8.076916666666666,8.105,8.1965,8.36625,8.347416666666666,8.204916666666666,7.837833333333333,7.69525,7.696,7.783250000000001,7.886166666666667,7.976333333333334,8.123083333333334,8.286333333333335,8.450333333333335,8.589333333333332,8.753916666666667,8.703,8.805833333333334,9.060166666666667,9.173416666666668,9.16975,9.262841679167055,9.328219385855451,9.396125018958854,9.4631220076781,9.524140902261173,9.592770859339987,9.661860930249738,9.712510437008406,9.743520121682735,9.769191563779263,9.798583981016069,9.826346059697958,9.846862610579166,9.873506409542202,9.911346188446572,9.947489351582616,9.982183663745374,10.013595582313183,10.03999187875171,10.061703387236363,10.081983244502624,10.10117463649605,10.115975128577894,10.128494124442467,10.142118959894955,10.15637414098175,10.172316185952415,10.188049441145441,10.199775463278606,10.205512393264641,10.20516985111711
204,0,USFOR.db,"Baseline Scenario (July 2025): Employment: Finance and Insurance, (Mil. #, SA)",NA,ANNUAL,United States,FE52.IUSA,jobs_fi_us,AVERAGED,U.S. Bureau of Labor Statistics (BLS); Moody's Analytics Forecasted,2024-12-31,5.772991666666668,5.86225,5.922491666666668,6.020308333333334,6.019266666666668,6.062641666666666,6.193808333333334,6.178891666666667,6.076216666666666,5.843633333333333,5.760983333333333,5.768908333333334,5.828333333333333,5.8859416666666675,5.930783333333332,6.035041666666667,6.147866666666667,6.2616000000000005,6.3363499999999995,6.433816666666667,6.488583333333333,6.543799999999999,6.677441666666667,6.717858333333334,6.703366666666667,6.755966137408857,6.799699263518127,6.851048939283436,6.903150031874496,6.952371840541948,7.0092341239595175,7.0679064423786855,7.114166714489678,7.147601021580553,7.177679188143488,7.210350207832805,7.239135131239551,7.25974322883607,7.286520192259115,7.3232758732098535,7.358749130466131,7.393088281189504,7.424418723584971,7.450601345004349,7.472525284997426,7.493887925796747,7.514165942685662,7.530130730212472,7.544158821192905,7.558481094919184,7.572683975444216,7.587610994255715,7.6018562360501,7.612624522456803,7.618751353817004,7.620483297042638
204,0,USFOR.db,"Baseline Scenario (July 2025): Employment: Real Estate and Rental and Leasing, (Mil. #, SA)",NA,ANNUAL,United States,FE53.IUSA,jobs_re_us,AVERAGED,U.S. Bureau of Labor Statistics (BLS); Moody's Analytics Forecasted,2024-12-31,2.0109,2.038683333333333,2.03355,2.0565666666666664,2.085741666666667,2.1339083333333333,2.1724083333333333,2.1685166666666666,2.12865,1.9942166666666665,1.9341416666666666,1.9271666666666665,1.9550500000000002,2.00005,2.045475,2.0880416666666664,2.1384583333333333,2.188525,2.252866666666667,2.3201,2.2144666666666666,2.2619333333333334,2.3827749999999996,2.4555833333333332,2.466258333333333,2.506808875091532,2.5285201223373255,2.5450760796754177,2.5599719758036033,2.5717690617192246,2.58353673538047,2.593954487871051,2.5983437225187274,2.5959191001021815,2.5915123756357747,2.5882337731832648,2.587210928458406,2.5871193817430944,2.5869862172830866,2.5880703152367204,2.588740221116486,2.58909538255587,2.5891768587282114,2.589390533747359,2.589178102238936,2.588095318705877,2.5870086938103882,2.585844398365422,2.584335303249563,2.5836378649757687,2.5836901655375337,2.5847051916967008,2.586193205095343,2.587150940821802,2.5867610394476372,2.584686554074473
204,0,USFOR.db,"Baseline Scenario (July 2025): Employment: Professional and Business Services, (Mil. #, SA)",NA,ANNUAL,United States,FEPS.IUSA,jobs_NA_us,AVERAGED,U.S. Bureau of Labor Statistics (BLS); Moody's Analytics Forecasted,2024-12-31,16.728,16.542166666666667,16.042833333333334,16.05425,16.464583333333334,17.030166666666666,17.65775,18.043416666666666,17.844833333333334,16.685000000000002,16.833583333333333,17.44683333333333,18.05741666666667,18.648916666666665,19.196416666666668,19.768166666666666,20.191583333333334,20.593249999999998,21.040583333333334,21.37775,20.411833333333334,21.429916666666667,22.585083333333333,22.771833333333333,22.618916666666667,22.662060057341087,22.897533685374647,23.186673670292347,23.548567379930056,23.92710518208504,24.344474035104703,24.72511364516658,25.01359992753384,25.255023870722365,25.482694943797462,25.716048249747853,25.986914990607534,26.26087963890545,26.51713911602313,26.765704089089482,27.000094311474854,27.22395637938081,27.436174706643303,27.631558170517163,27.818619312330664,28.003384324762198,28.172221633982,28.325138503358914,28.476972078885517,28.634913113938293,28.79132468352821,28.9448566475923,29.093470365442784,29.22598261896316,29.338103636786556,29.43756898060168
204,0,USFOR.db,"Baseline Scenario (July 2025): Employment: Professional and Technical Services, (Mil. #, SA)",NA,ANNUAL,United States,FE54.IUSA,jobs_pst_us,AVERAGED,U.S. Bureau of Labor Statistics (BLS); Moody's Analytics Forecasted,2024-12-31,6.733058333333333,6.901375,6.680541666666667,6.634808333333334,6.782866666666666,7.064683333333333,7.399749999999999,7.704841666666667,7.844758333333333,7.552091666666667,7.4845999999999995,7.713008333333334,7.940266666666666,8.17135,8.384125,8.65715,8.87955,9.05535,9.279691666666665,9.533416666666668,9.434716666666667,9.902574999999999,10.498475,10.765275,10.824758333333333,10.901504480314825,11.04792705343862,11.179425419967423,11.320996940207557,11.45610166523319,11.594119385654782,11.720536655215273,11.820218465291347,11.910340088273628,12.000619376648594,12.098020695468563,12.207512253120967,12.314920207434653,12.418336896637337,12.523221903605627,12.627294484647363,12.733951104441717,12.840095693731605,12.944159231357812,13.048152375271552,13.151178819609354,13.250365557795483,13.342095172103562,13.431064960436341,13.519944622313353,13.60904103292727,13.696562495437574,13.779953904102557,13.85464405092494,13.918812896709289,13.975702732896227
204,0,USFOR.db,"Baseline Scenario (July 2025): Employment: Management of Companies and Enterprises, (Mil. #, SA)",NA,ANNUAL,United States,FE55.IUSA,jobs_manage_us,AVERAGED,U.S. Bureau of Labor Statistics (BLS); Moody's Analytics Forecasted,2024-12-31,1.82115,1.806225,1.7350083333333333,1.7193416666666668,1.7587083333333333,1.7969666666666666,1.8537916666666667,1.9141833333333333,1.956875,1.9237333333333333,1.9337333333333333,1.9997083333333334,2.0943750000000003,2.1788083333333335,2.2491,2.2925166666666668,2.3351083333333333,2.3963083333333333,2.466758333333333,2.517275,2.4522,2.458275,2.546691666666667,2.60835,2.6176083333333335,2.63175330041289,2.6362316814426316,2.6303447633938712,2.6256247311066883,2.620623264740076,2.618735025996446,2.6161544799639977,2.609013296835295,2.597367646977033,2.5861975734270914,2.5769625840575214,2.5697022726086707,2.56293117384131,2.556494100584833,2.5512570761435738,2.5455012275047233,2.5396632157219368,2.5335959038790543,2.527144385215988,2.520221598903773,2.5132225593559614,2.506467908462397,2.499414616547938,2.492170841115391,2.4854896148504744,2.4787892716291995,2.4722202525319914,2.4653673117394357,2.4575237909460816,2.4483583512336056,2.4379199980978696
204,0,USFOR.db,"Baseline Scenario (July 2025): Employment: Administrative and Waste Services, (Mil. #, SA)",NA,ANNUAL,United States,FE56.IUSA,jobs_admin_us,AVERAGED,U.S. Bureau of Labor Statistics (BLS); Moody's Analytics Forecasted,2024-12-31,8.17395,7.834591666666667,7.627274999999999,7.7000416666666665,7.923083333333333,8.168316666666668,8.404108333333332,8.424225,8.043175,7.209041666666668,7.415308333333332,7.7340583333333335,8.0227,8.298749999999998,8.563116666666668,8.818466666666668,8.976849999999999,9.141625,9.294033333333333,9.327008333333334,8.524716666666666,9.068908333333333,9.539758333333333,9.398341666666667,9.176433333333335,9.128827276613368,9.213374950493392,9.376903486931052,9.60194570861581,9.850380252111774,10.131619623453478,10.388422509987308,10.584368165407199,10.747316135471706,10.895877993721781,11.041064970221768,11.209700464877898,11.383028257629485,11.542308118800962,11.691225109340284,11.827298599322765,11.950342059217158,12.062483109032646,12.160254553943364,12.250245338155338,12.338982945796884,12.415388167724121,12.483628714707413,12.553736277333783,12.629478876774463,12.70349437897174,12.776073899622732,12.848149149600792,12.913814777092139,12.97093238884366,13.023946249607583
204,0,USFOR.db,"Baseline Scenario (July 2025): Employment: Education and Health Services, (Mil. #, SA)",NA,ANNUAL,United States,FEEH.IUSA,jobs_NA_us,AVERAGED,U.S. Bureau of Labor Statistics (BLS); Moody's Analytics Forecasted,2024-12-31,15.252166666666668,15.813583333333334,16.400499999999997,16.834333333333333,17.22675,17.676166666666667,18.15233333333333,18.675416666666667,19.229083333333335,19.62825,19.973166666666664,20.319416666666665,20.7685,21.086583333333333,21.438916666666664,22.025083333333335,22.638416666666668,23.188499999999998,23.635666666666665,24.162833333333335,23.27025,23.6485,24.33758333333333,25.38875,26.490666666666666,27.279388202153125,27.4490975203836,27.496601104891695,27.607837386757385,27.781468713072783,28.038511792395333,28.282344119604133,28.422192867241364,28.481486338061632,28.516636832740968,28.559645083461046,28.623768854454877,28.693291671705943,28.748496213882685,28.801277707095014,28.84721599028346,28.889280383034148,28.933941577745387,28.974878378166764,29.00563670075988,29.034057786206468,29.064295506804708,29.084352508600592,29.100272684858684,29.12345691286597,29.147351040222162,29.1736197004102,29.196084613068518,29.206033702262477,29.199821245781123,29.18007903467607
204,0,USFOR.db,"Baseline Scenario (July 2025): Employment: Educational Services, (Mil. #, SA)",NA,ANNUAL,United States,FE61.IUSA,jobs_edu_us,AVERAGED,U.S. Bureau of Labor Statistics (BLS); Moody's Analytics Forecasted,2024-12-31,2.3908666666666667,2.510625,2.6449749999999996,2.6952833333333337,2.7602916666666664,2.8353750000000004,2.8998416666666667,2.9412583333333338,3.0416499999999997,3.0896166666666667,3.1536416666666667,3.2487666666666666,3.341166666666667,3.35565,3.417533333333333,3.470041666666667,3.5680166666666664,3.6674999999999995,3.7152833333333337,3.7428166666666667,3.4769666666666668,3.5843249999999998,3.7591750000000004,3.847,3.9626833333333336,4.015391235995841,4.051584624132309,4.063530964381673,4.082465941693845,4.117021112363545,4.163252327768225,4.213209246056579,4.255776524568404,4.2917043924482945,4.3256483905518035,4.361839880036557,4.403409574299526,4.446649500963973,4.4889227856369995,4.530765865603548,4.569800832389722,4.607009634697449,4.641447562921857,4.671810543642804,4.698772352494705,4.726161715399661,4.753497317039618,4.778928431903592,4.804231462525375,4.8305945161759,4.857086181188363,4.883731089335393,4.909768674283466,4.933322073279644,4.954113774529944,4.972880407923059
204,0,USFOR.db,"Baseline Scenario (July 2025): Employment: Health Care and Social Assistance, (Mil. #, SA)",NA,ANNUAL,United States,FE62.IUSA,jobs_health_us,AVERAGED,U.S. Bureau of Labor Statistics (BLS); Moody's Analytics Forecasted,2024-12-31,12.861474999999999,13.30285,13.755533333333334,14.139033333333332,14.466524999999999,14.840675000000001,15.252458333333333,15.734083333333334,16.187341666666665,16.538600000000002,16.8194,17.070475000000002,17.427241666666667,17.730958333333334,18.02124166666667,18.555066666666665,19.07035,19.520841666666666,19.920391666666667,20.41981666666667,19.793283333333335,20.064216666666667,20.578358333333334,21.54168333333333,22.528158333333334,23.26393029949062,23.397512896251293,23.433070140510022,23.52537144506354,23.664447600709238,23.875259464627106,24.069134873547554,24.166416342672964,24.189781945613333,24.190988442189166,24.197805203424487,24.22035928015535,24.246642170741968,24.259573428245687,24.27051184149147,24.277415157893735,24.282270748336696,24.29249401482353,24.303067834523958,24.306864348265176,24.307896070806805,24.310798189765094,24.305424076696998,24.296041222333308,24.292862396690065,24.290264859033798,24.289888611074808,24.28631593878505,24.272711628982833,24.24570747125118,24.207198626753012
204,0,USFOR.db,"Baseline Scenario (July 2025): Employment: Leisure and Hospitality, (Mil. #, SA)",NA,ANNUAL,United States,FELH.IUSA,jobs_NA_us,AVERAGED,U.S. Bureau of Labor Statistics (BLS); Moody's Analytics Forecasted,2024-12-31,11.859583333333333,12.032416666666666,11.986,12.175083333333333,12.491833333333334,12.813166666666667,13.109,13.427916666666667,13.440666666666665,13.073583333333334,13.041916666666665,13.351833333333333,13.770416666666666,14.255333333333333,14.690583333333333,15.153833333333333,15.658916666666666,16.06325,16.300166666666666,16.593083333333333,13.143916666666666,14.147666666666668,15.8245,16.56675,16.81975,16.978168137887632,16.910184072428947,16.88835740405296,16.975721737636874,17.146196180878142,17.42218432624842,17.68781688675039,17.849050781361875,17.93626084332826,17.997726386149246,18.07979359116262,18.20862262093233,18.350498251579335,18.49161553499789,18.629905195282632,18.764061785814853,18.90247383541533,19.038261882438537,19.16893872614025,19.295489562542073,19.41765406370813,19.53497578843857,19.63544268925802,19.729829687288383,19.82749299537679,19.923623102633336,20.01932732552673,20.11221307965365,20.195044147584085,20.266953273772508,20.333169262198805
204,0,USFOR.db,"Baseline Scenario (July 2025): Employment: Arts, (Mil. #, SA)",NA,ANNUAL,United States,FE71.IUSA,jobs_arts_us,AVERAGED,U.S. Bureau of Labor Statistics (BLS); Moody's Analytics Forecasted,2024-12-31,1.785875,1.8239166666666666,1.7833833333333333,1.8140166666666666,1.8470833333333334,1.89065,1.9283333333333335,1.971225,1.972241666666667,1.9151083333333332,1.9085083333333333,1.9178416666666667,1.9698250000000002,2.0292666666666666,2.1007,2.1641416666666666,2.250141666666667,2.3336916666666667,2.3837166666666665,2.4405916666666667,1.7728083333333333,1.9792583333333336,2.311366666666667,2.505975,2.6257083333333333,2.6691431529078655,2.5447968455175425,2.470642443789936,2.467760533949413,2.510987000362374,2.612412229144643,2.7059302089949515,2.7407083261113607,2.737185522414769,2.7147930897983645,2.7030131040210996,2.7162203921208197,2.7404814736494134,2.7667554301120507,2.791287263810198,2.813041373343453,2.834503777793112,2.8555507896139884,2.8769588595031954,2.8984276440102126,2.9190296355521914,2.9385330660913396,2.9550442574725695,2.969499260929358,2.9838164360574666,2.9985812250309802,3.014341484157116,3.030162287470117,3.044979414003597,3.058304397558959,3.0707711061550023
204,0,USFOR.db,"Baseline Scenario (July 2025): Employment: Accommodations and Food Services, (Mil. #, SA)",NA,ANNUAL,United States,FE72.IUSA,jobs_accom_us,AVERAGED,U.S. Bureau of Labor Statistics (BLS); Moody's Analytics Forecasted,2024-12-31,10.073683333333333,10.208383333333334,10.202649999999998,10.360966666666666,10.644783333333333,10.922558333333333,11.180658333333332,11.456733333333336,11.468333333333334,11.1585,11.133258333333334,11.433791666666666,11.800558333333335,12.225891666666667,12.589816666666668,12.989583333333334,13.408700000000001,13.729541666666666,13.916416666666667,14.152375,11.370908333333333,12.168341666666667,13.513216666666667,14.060683333333333,14.194058333333333,14.309024984979768,14.365387226911402,14.41771496026303,14.507961203687461,14.635209180515766,14.809772097103776,14.981886677755437,15.108342455250511,15.199075320913488,15.282933296350883,15.37678048714152,15.49240222881151,15.61001677792992,15.72486010488584,15.838617931472434,15.9510204124714,16.067970057622215,16.18271109282455,16.291979866637057,16.39706191853186,16.498624428155942,16.596442722347227,16.68039843178545,16.760330426359026,16.843676559319324,16.925041877602357,17.004985841369617,17.08205079218353,17.150064733580493,17.208648876213548,17.2623981560438
204,0,USFOR.db,"Baseline Scenario (July 2025): Employment: Other Services, (Mil. #, SA)",NA,ANNUAL,United States,FE81.IUSA,jobs_othser_us,AVERAGED,U.S. Bureau of Labor Statistics (BLS); Moody's Analytics Forecasted,2024-12-31,5.168083333333334,5.2580833333333334,5.372333333333334,5.400416666666666,5.4093333333333335,5.394833333333333,5.437749999999999,5.493333333333333,5.514333333333333,5.366083333333333,5.330833333333333,5.360666666666666,5.429916666666667,5.482833333333334,5.566750000000001,5.621166666666666,5.690166666666666,5.769833333333333,5.830333333333333,5.890416666666667,5.327249999999999,5.457583333333334,5.694249999999999,5.841916666666666,5.966166666666666,6.029177953647288,6.007051872110707,5.995063306268701,6.0140348095313705,6.058684493994328,6.135381523851776,6.21138230524968,6.254367241848897,6.268917935043104,6.27191332987442,6.282306102617583,6.310981310464939,6.346257681647391,6.380653671976831,6.414316107543694,6.4446002667201725,6.472693452056807,6.500555284906137,6.531871923277967,6.565959910409604,6.598824951416312,6.629621905528497,6.656914954184943,6.682510077184343,6.710963975159949,6.742935852061777,6.77604893844625,6.808581452608434,6.836789533333196,6.859668964362568,6.87835624827301
204,0,USFOR.db,"Baseline Scenario (July 2025): Employment: Government - Total, (Mil. #, SA)",NA,ANNUAL,United States,FEGV.IUSA,jobs_NA_us,AVERAGED,U.S. Bureau of Labor Statistics (BLS); Moody's Analytics Forecasted,2024-12-31,20.790416666666665,21.120416666666667,21.50925,21.580000000000002,21.61775,21.804083333333335,21.975,22.219416666666667,22.502916666666664,22.552750000000003,22.489666666666665,22.092833333333335,21.91958333333333,21.84725,21.875083333333333,22.027,22.23041666666667,22.346166666666665,22.453,22.611833333333333,21.982333333333337,21.968083333333336,22.194333333333333,22.794000000000004,23.375833333333333,23.626816385155472,23.592126593922238,23.55350475845314,23.6048802939958,23.70976867103127,23.865417992500902,24.04667557969522,24.17861563429519,24.27206843008128,24.333834936423642,24.376663787509198,24.447378745348082,24.54014915745012,24.642694839619445,24.74457671400494,24.83643947217636,24.917056450012268,24.98599061617158,25.050078853179997,25.10515472351288,25.155480025407236,25.200766531082962,25.24438931328649,25.285908880602264,25.32208854283119,25.35779433799319,25.39472509584377,25.43309212921485,25.472298117160687,25.508241098397722,25.544951929537177
204,0,USFOR.db,"Baseline Scenario (July 2025): Employment: Government - Federal, (Mil. #, SA)",NA,ANNUAL,United States,FEGVF.IUSA,jobs_govf_us,AVERAGED,U.S. Bureau of Labor Statistics (BLS); Moody's Analytics Forecasted,2024-12-31,2.865,2.76325,2.7655833333333333,2.760333333333333,2.7310833333333333,2.7315,2.7325833333333334,2.735333333333333,2.7611666666666665,2.8305833333333332,2.97625,2.8594999999999997,2.8215,2.7699999999999996,2.73325,2.7571666666666665,2.7943333333333333,2.803333333333333,2.7995,2.83075,2.9315833333333337,2.88575,2.867,2.9255833333333334,2.999833333333333,2.9331796425194865,2.81318557652367,2.7951455733789223,2.7995843199838224,2.8195932124848277,2.849477188555703,2.8837698367268048,2.9156337373192223,2.9412387185541324,2.9580171830964774,2.9662187701285125,2.9725530779554203,2.97938180065393,2.98652796603346,2.9939722893083927,3.0003821479033475,3.00518338974374,3.0095798881068676,3.0144652506053973,3.019200923661928,3.023525694594192,3.027288904868243,3.03101336300952,3.03411250195419,3.036913749036095,3.0393722942384898,3.041299415513633,3.0430063157269975,3.0446638068765246,3.04634347225105,3.04806608860647
204,0,USFOR.db,"Baseline Scenario (July 2025): Employment: Government - State and Local, (Mil. #, SA)",NA,ANNUAL,United States,FEGVSL.IUSA,jobs_NA_us,AVERAGED,U.S. Bureau of Labor Statistics (BLS); Moody's Analytics Forecasted,2024-12-31,17.925416666666667,18.357166666666664,18.743666666666662,18.819666666666667,18.886666666666663,19.072583333333334,19.242416666666667,19.48408333333333,19.74175,19.722166666666666,19.513416666666668,19.233333333333334,19.098083333333335,19.07725,19.141833333333334,19.269833333333338,19.436083333333332,19.542833333333334,19.6535,19.781083333333335,19.05075,19.08233333333333,19.327333333333335,19.86841666666667,20.376,20.69363674263598,20.77894101739857,20.758359185074216,20.80529597401198,20.890175458546445,21.0159408039452,21.162905742968416,21.26298189697597,21.330829711527144,21.37581775332717,21.410445017380688,21.474825667392665,21.56076735679619,21.65616687358599,21.750604424696547,21.836057324273007,21.91187306026853,21.976410728064714,22.0356136025746,22.085953799850948,22.13195433081304,22.173477626214723,22.21337595027697,22.251796378648077,22.285174793795093,22.3184220437547,22.35342568033014,22.39008581348785,22.427634310284162,22.461897626146676,22.4968858409307
204,0,USFOR.db,"Baseline Scenario (July 2025): Employment: Government - State, (Mil. #, SA)",NA,ANNUAL,United States,FEGVS.IUSA,jobs_govs_us,AVERAGED,U.S. Bureau of Labor Statistics (BLS); Moody's Analytics Forecasted,2024-12-31,4.787416666666666,4.905916666666667,5.029166666666667,5.000249999999999,4.980416666666667,5.0315,5.074916666666667,5.122166666666667,5.175000000000001,5.168083333333334,5.13675,5.079583333333334,5.054916666666666,5.0455,5.048166666666667,5.07625,5.112416666666667,5.163833333333334,5.1715,5.201583333333334,5.133000000000001,5.1585,5.11325,5.2947500000000005,5.444083333333333,5.554263349915983,5.598114389778121,5.600325622522518,5.6135436158316026,5.634402915333867,5.6705930538675995,5.711010176425166,5.738845991276893,5.758733213909948,5.773471010856793,5.7850979778960605,5.802046309910215,5.822639306349039,5.844109000304288,5.865729601254972,5.885940226387309,5.9039472018940025,5.920044025073363,5.9348275864946,5.94882587203415,5.962797231430993,5.975577524672644,5.988517036663142,6.001432390086003,6.013438718414693,6.025765780873424,6.03877112014379,6.0523432946106475,6.065823280529937,6.078297300361576,6.090623706637254
204,0,USFOR.db,"Baseline Scenario (July 2025): Employment: Government - Local, (Mil. #, SA)",NA,ANNUAL,United States,FEGVL.IUSA,jobs_govl_us,AVERAGED,U.S. Bureau of Labor Statistics (BLS); Moody's Analytics Forecasted,2024-12-31,13.138,13.45125,13.7145,13.819416666666667,13.90625,14.041083333333333,14.1675,14.361916666666666,14.56675,14.554083333333335,14.376666666666665,14.15375,14.043166666666668,14.031749999999999,14.093666666666666,14.193583333333333,14.323666666666666,14.379,14.482,14.5795,13.91775,13.923833333333334,14.214083333333335,14.573666666666668,14.931916666666666,15.13937339272,15.18082662762045,15.158033562551699,15.191752358180375,15.255772543212576,15.3453477500776,15.45189556654325,15.524135905699074,15.5720964976172,15.602346742470376,15.625347039484625,15.672779357482451,15.738128050447152,15.8120578732817,15.884874823441574,15.9501170978857,16.007925858374527,16.05636670299135,16.10078601608,16.1371279278168,16.169157099382048,16.197900101542075,16.224858913613826,16.250363988562075,16.2717360753804,16.292656262881277,16.314654560186348,16.337742518877203,16.36181102975422,16.3836003257851,16.40626213429345
204,0,USFOR.db,"Baseline Scenario (July 2025): Employment: Chemicals; Energy; Plastics & Rubber Mfg., (Mil. #, SA)",NA,ANNUAL,United States,FEMFCE.IUSA,jobs_NA_us,AVERAGED,U.S. Bureau of Labor Statistics (BLS); Moody's Analytics Forecasted,2024-12-31,2.054358333333333,1.9762499999999998,1.8918333333333335,1.8343166666666666,1.8034500000000002,1.7864666666666664,1.765025,1.7325916666666668,1.692991666666667,1.5440166666666666,1.5252,1.5305,1.5411416666666669,1.5625166666666668,1.5880583333333336,1.6086,1.6269666666666667,1.6555583333333332,1.6811166666666666,1.6972416666666665,1.6592083333333332,1.7012583333333335,1.76085,1.7463250000000001,1.7328333333333332,1.7305689048559185,1.735464080641429,1.7351401182841253,1.7317660922332245,1.7262791344290553,1.7211886308810502,1.7149731258450485,1.7051653740514867,1.69221982752665,1.6791997381354165,1.6675534867757058,1.6573812567503872,1.6477254576705895,1.6383938921083174,1.6298941247026388,1.6210820377677502,1.6122103031109365,1.6030456539197706,1.5934821057375608,1.5837526413198517,1.5742237556899474,1.565113014755662,1.5558166916126774,1.5462216514618934,1.5371011345359724,1.5284909956157409,1.5203832194081717,1.5123989289936801,1.5041005993318124,1.4951971087071931,1.4857062706428583
204,0,USFOR.db,"Baseline Scenario (July 2025): Employment: Electronic & Electrical Mfg., (Mil. #, SA)",NA,ANNUAL,United States,FEMFEE.IUSA,jobs_NA_us,AVERAGED,U.S. Bureau of Labor Statistics (BLS); Moody's Analytics Forecasted,2024-12-31,2.4110833333333335,2.30565,2.0038666666666667,1.8145666666666667,1.7674416666666666,1.7483583333333335,1.7363416666666667,1.6954583333333333,1.659241666666667,1.4983083333333336,1.4394833333333334,1.4523333333333333,1.4426,1.4175333333333333,1.4017166666666665,1.4092916666666664,1.4010833333333332,1.3931666666666667,1.4186833333333333,1.4404083333333335,1.4067666666666665,1.4092416666666665,1.4510083333333335,1.4706083333333333,1.4415,1.414991869358734,1.4122697644546771,1.405244257810448,1.3957344966856873,1.3841142118291105,1.3729507301408674,1.3613707431536617,1.3471992536071746,1.3310477437744515,1.3143925089709891,1.2990503564059839,1.285596618191777,1.2731094315874987,1.2612608960690688,1.2505260197244747,1.239882694159276,1.2296585152754067,1.2197991766218854,1.2102281605069967,1.201037485987976,1.1917231777180848,1.1823302349027558,1.1728096372806045,1.162839618603568,1.1527784298201686,1.1429143969441906,1.1331730301902354,1.1233063084068338,1.1128539744512946,1.1016932297666717,1.0898614181054236
204,0,USFOR.db,"Baseline Scenario (July 2025): Employment: Food; Beverage & Tobacco Mfg., (Mil. #, SA)",NA,ANNUAL,United States,FEMFFB.IUSA,jobs_NA_us,AVERAGED,U.S. Bureau of Labor Statistics (BLS); Moody's Analytics Forecasted,2024-12-31,1.7606174217920427,1.7577433870220003,1.7325008341535404,1.7160650272044884,1.6879901660784442,1.6700514217690556,1.6740063112819974,1.6815653650205986,1.6783655709146301,1.6439712450562902,1.6342651313075682,1.6450480661788522,1.6623676277169017,1.6742073025025213,1.6949324492194353,1.7402680314266414,1.8041564909642802,1.8608439395717777,1.8944013387807186,1.931354823148982,1.8908313432512989,1.9358668428416204,2.0220637406544073,2.0688850051016296,2.10827792906902,2.1256285226148517,2.13158783460041,2.127908471134719,2.1228376316740096,2.116198034857274,2.1107651143222137,2.1054136711445195,2.096513873514878,2.083067611608173,2.0677979029724316,2.0525739672756735,2.0382633058508,2.0247573519501825,2.0123255714870694,2.0010679574536647,1.989663735365724,1.9781968759872923,1.9660472205396655,1.9535316631992221,1.940801806500474,1.9277854916184665,1.9147135127675883,1.9012727017977553,1.8873168975453702,1.8736025765209836,1.8601912166263956,1.8472998859692877,1.8345972049573755,1.8214712077611805,1.8075732402244247,1.7928083653472933
204,0,USFOR.db,"Baseline Scenario (July 2025): Employment: Furniture & Misc. Mfg., (Mil. #, SA)",NA,ANNUAL,United States,FEMFFM.IUSA,jobs_NA_us,AVERAGED,U.S. Bureau of Labor Statistics (BLS); Moody's Analytics Forecasted,2024-12-31,1.40855,1.352758333333333,1.2881833333333332,1.2318916666666666,1.2244666666666666,1.2140166666666667,1.2028333333333334,1.1714,1.1068166666666666,0.968275,0.9238416666666668,0.9270583333333333,0.9315249999999999,0.93995,0.9522166666666667,0.9708416666666666,0.9810583333333334,0.989325,1.00085,1.0048833333333334,0.9450666666666667,0.9809166666666667,1.0069666666666666,0.984475,0.9585416666666666,0.952198243328761,0.9557415381284214,0.9572534939008894,0.959048725676255,0.9611122636022054,0.963836882121561,0.9643972983869723,0.9608780880361868,0.9535312188871008,0.9451166698955448,0.9376706431517364,0.9315560974798008,0.9260075336690206,0.920898984627208,0.9161333960484137,0.9111223123748977,0.9061126161253801,0.9009877023423418,0.8957113764874378,0.8901309231098158,0.8845207120350864,0.8792903215777573,0.8736926784154034,0.8673433716387882,0.8610101904395188,0.8548889046473278,0.8487721375789175,0.8423606341608507,0.8356601858639625,0.8285820544102902,0.8210892563850354
204,0,USFOR.db,"Baseline Scenario (July 2025): Employment: Metals & Mining Mfg., (Mil. #, SA)",NA,ANNUAL,United States,FEMFMM.IUSA,jobs_NA_us,AVERAGED,U.S. Bureau of Labor Statistics (BLS); Moody's Analytics Forecasted,2024-12-31,2.9292083333333334,2.7916666666666665,2.5733916666666667,2.450258333333333,2.4689916666666667,2.4927916666666663,2.5260833333333332,2.518333333333333,2.434516666666666,2.0687166666666665,2.015241666666667,2.10325,2.1770416666666668,2.2001583333333334,2.236908333333333,2.2498666666666667,2.2025083333333333,2.2056750000000003,2.2659333333333334,2.2909333333333333,2.1388083333333334,2.1364916666666667,2.2140416666666667,2.2418666666666667,2.2371,2.245641438582273,2.241089639185794,2.23746454682521,2.234603831127064,2.2284187533091018,2.2217996824321693,2.21212964301572,2.195872852585304,2.1745544868035713,2.151690769858284,2.1299980973706187,2.111054329036059,2.0933741382931235,2.0760743831936623,2.0593887582121613,2.042040058290577,2.0243644581124154,2.0063794747535346,1.9879268990188839,1.9699311131247086,1.9525086593615912,1.9356793348404628,1.9188283523165093,1.9011758968643209,1.8836037389675055,1.8670276869534637,1.8510416561819938,1.8350428592197954,1.8186019226127832,1.8013408179704058,1.7833947469354394
204,0,USFOR.db,"Baseline Scenario (July 2025): Employment: Goods-Producing, (Mil. #, SA)",NA,ANNUAL,United States,FEGOOD.IUSA,jobs_NA_us,AVERAGED,U.S. Bureau of Labor Statistics (BLS); Moody's Analytics Forecasted,2024-12-31,24.652083333333334,23.87333333333333,22.555,21.816083333333335,21.8785,22.184749999999998,22.526083333333332,22.222166666666666,21.323166666666665,18.5475,17.737166666666667,18.028083333333335,18.400916666666667,18.716666666666665,19.20125,19.581000000000003,19.718249999999998,20.048666666666666,20.667916666666667,20.998583333333332,19.97975,20.308500000000002,21.13675,21.518250000000002,21.655333333333335,21.71523677534993,21.708732720005273,21.67481390443147,21.651994766126137,21.605453206553655,21.572548845965372,21.527748142641904,21.431548711695903,21.27391144056891,21.102950027993735,20.952305875233986,20.839047953593475,20.741432357389684,20.641660735121462,20.551267347083424,20.446391464045057,20.33312273802668,20.219270441060015,20.10526414778458,19.99259033081142,19.879079059722052,19.770182460897715,19.656640578371146,19.534048053419575,19.41855940432945,19.318941912195836,19.224785274888514,19.13004291210753,19.02764604248972,18.913913861260852,18.789641071428516
204,0,USFOR.db,"Baseline Scenario (July 2025): Employment: Total Private, (Mil. #, SA)",NA,ANNUAL,United States,FETP.IUSA,jobs_NA_us,AVERAGED,U.S. Bureau of Labor Statistics (BLS); Moody's Analytics Forecasted,2024-12-31,111.22708333333334,110.958,109.12433333333334,108.74516666666666,110.13775000000001,112.21908333333333,114.45766666666667,115.75891666666666,114.72341666666668,108.73825,107.84508333333333,109.82383333333334,112.23458333333333,114.51325,117.04758333333334,119.77433333333333,122.10175000000001,124.26433333333333,126.44066666666666,128.29375000000002,120.17908333333334,124.309,130.3415,133.08508333333333,134.58458333333334,136.00601233347777,136.5069972235339,136.94166973201968,137.69707498782566,138.63108233566248,139.8845934777734,141.0299778245895,141.67054738373164,141.93208330988293,142.07903041362997,142.30351988158247,142.71069514042713,143.15777920603944,143.57283924709725,143.99955453933447,144.36395855557078,144.69282067420727,144.99389315897562,145.26152805251533,145.50855864514878,145.73849944943245,145.9443612842768,146.08228789980572,146.19031952202764,146.33000529090987,146.49141174711556,146.66023277263088,146.8108528938771,146.88855459262027,146.87592221822547,146.79654574234797
204,0,USFOR.db,"Baseline Scenario (July 2025): Employment: Private Service-Producing, (Mil. #, SA)",NA,ANNUAL,United States,FESERVP.IUSA,jobs_NA_us,AVERAGED,U.S. Bureau of Labor Statistics (BLS); Moody's Analytics Forecasted,2024-12-31,86.57499999999999,87.08466666666666,86.56933333333333,86.92908333333332,88.25925000000001,90.03433333333334,91.93158333333334,93.53675,93.40025,90.19075000000001,90.10791666666668,91.79574999999998,93.83366666666666,95.79658333333333,97.84633333333333,100.19333333333333,102.3835,104.21566666666668,105.77275,107.29516666666666,100.19933333333333,104.00049999999999,109.20474999999999,111.56683333333334,112.92925000000001,114.2907755580334,114.79826450313234,115.26685582716247,116.04508022094635,117.02562912814736,118.31204463083509,119.5022296812275,120.23899867172119,120.6581718688441,120.97608038569106,121.35121400638612,121.87164718687133,122.41634684869794,122.9311785117982,123.44828719180836,123.91756709105749,124.35969793539446,124.77462271741216,125.15626390390567,125.51596831350255,125.85942038918418,126.17417882253307,126.42564732058918,126.65627146776433,126.91144588604459,127.17246983500618,127.43544749782428,127.68080998185074,127.86090855021858,127.962008357065,128.00690467103576
204,0,USFOR.db,"Baseline Scenario (July 2025): Employment - Office-using industries, (Mil. #, SA)",NA,ANNUAL,United States,FEOFC.IUSA,jobs_NA_us,AVERAGED,U.S. Bureau of Labor Statistics (BLS); Moody's Analytics Forecasted,2024-12-31,28.142333333333333,28.07208333333333,27.39333333333333,27.3195,27.687,28.287583333333338,29.062250000000002,29.422666666666665,29.033250000000002,27.326333333333334,27.235916666666665,27.81575,28.515583333333332,29.23983333333333,29.899250000000002,30.64125,31.27166666666667,31.855833333333337,32.46733333333333,32.995416666666664,31.8345,33.091833333333334,34.70741666666667,34.952666666666666,34.73308333333333,34.8714356665336,35.17765622962811,35.53194476027181,35.96077095228749,36.40121228805635,36.893209738607695,37.3483549633335,37.6869084267161,37.955838794227944,38.20377713288033,38.45964850388558,38.75250939588562,39.04242976372735,39.320773466989,39.602149528452316,39.8669488136066,40.11989487111304,40.35720251315737,40.573767908800775,40.778365921035345,40.97937693842837,41.16276068827024,41.324002062681316,41.481155965087964,41.645532386307025,41.80856830347457,41.970130520559835,42.125811246008666,42.25978665783482,42.365530778912515,42.45097252795152
204,0,USFOR.db,"Baseline Scenario (July 2025): Employment: Textile; Fiber & Printing Mfg., (Mil. #, SA)",NA,ANNUAL,United States,FEMFTF.IUSA,jobs_NA_us,AVERAGED,U.S. Bureau of Labor Statistics (BLS); Moody's Analytics Forecasted,2024-12-31,3.1873492249110416,2.9473399586455207,2.7055325084622233,2.534334972286885,2.450709828708136,2.3756152300202915,2.2964020474826508,2.1733512849885566,2.0273177449982525,1.7359870947620284,1.6469681806634608,1.6148186219772755,1.5933823726645677,1.5890093453449725,1.5999008757215645,1.6035569812890158,1.601376852541579,1.579689386640787,1.5728236525726345,1.5586785175594324,1.4388102546236605,1.4462498379394262,1.48925296237904,1.4534483226368144,1.427880392311595,1.4168581510121814,1.3958875033058402,1.376963171546619,1.361503177519863,1.3469228607154797,1.3342622290281672,1.3208280176564966,1.302882218281101,1.2826050115622478,1.262381744987793,1.2433663197153992,1.226409134396796,1.2109116785792604,1.1963258315948533,1.1825316115753708,1.1686781665644466,1.154991603696181,1.1414829160335462,1.1281367246196774,1.1152476072498645,1.1027115883114498,1.0903269554116524,1.0779083491929924,1.0655722273218893,1.0536139022810558,1.0419993168442154,1.0306988524381941,1.0195831720174673,1.0082749266156878,0.9965894568793947,0.9846512961212435
204,0,USFOR.db,"Baseline Scenario (July 2025): Employment: Total Private [Intermediate Value], (Mil. #, SAAR)",NA,ANNUAL,United States,FEMPTOTAL_I.IUSA,jobs_NA_us,AVERAGED,U.S. Bureau of Labor Statistics (BLS); Moody's Analytics Forecasted,2024-12-31,111.22708333333334,110.958,109.12433333333334,108.74516666666666,110.13775000000001,112.21908333333333,114.45766666666667,115.75891666666666,114.72341666666668,108.73825,107.84508333333333,109.82383333333334,112.23458333333333,114.51325,117.04758333333334,119.77433333333333,122.10175000000001,124.26433333333333,126.44066666666666,128.29375000000002,120.17908333333334,124.309,130.3415,133.08508333333333,134.58458333333334,136.04312399464104,136.48581071720713,136.74513899108027,137.5462242067286,138.52912935581455,139.76914928589787,141.0118916059431,141.92345315581142,142.62299026869604,143.08315727018285,143.4406416285251,143.8579065217526,144.29529242606037,144.70915026323888,145.11575698492152,145.48958302651675,145.82080966943724,146.10172399803199,146.31107604091923,146.50678358267723,146.69471045008243,146.8434941031746,146.9401393675355,147.01786287430798,147.04468876070484,147.06424721711178,147.07998596065707,147.08456328928082,147.04873896153683,146.96263181351563,146.85022558103577
204,0,USFOR.db,"Baseline Scenario (July 2025): Employment: High-tech, (Mil. #, SA)",NA,ANNUAL,United States,FEZTECQ.IUSA,jobs_NA_us,AVERAGED,U.S. Bureau of Labor Statistics (BLS); Moody's Analytics Forecasted,2024-12-31,13.892025,13.947574999999999,13.193008333333333,12.742641666666668,12.760433333333335,12.960049999999999,13.251816666666667,13.505575,13.539000000000001,12.868808333333332,12.62485,12.8295,13.048566666666668,13.2929,13.519158333333333,13.829716666666666,14.094525,14.292733333333333,14.579608333333333,14.903358333333333,14.608483333333332,15.253516666666666,16.134625,16.351708333333335,16.310125000000003,16.37384777919231,16.537269155969284,16.668955411641015,16.809363011690714,16.940811609636626,17.080523275423023,17.20616386948558,17.2939067165931,17.364370131230842,17.433158025591766,17.50998506573859,17.602625757836698,17.695443077520725,17.784729428375588,17.876310012253015,17.96584310984116,18.058044699733088,18.148882574469084,18.238418854337166,18.328870047090643,18.418588481249415,18.504041822079333,18.579986515962432,18.652021268410373,18.72424893634244,18.796724678177775,18.86777993526019,18.93384059031357,18.988685189618902,19.029862114288903,19.060941938337557
204,0,USFOR.db,"Baseline Scenario (July 2025): Employment - Retail space using industries, (Mil. #, SA)",NA,ANNUAL,United States,FERTLQ.IUSA,jobs_NA_us,AVERAGED,U.S. Bureau of Labor Statistics (BLS); Moody's Analytics Forecasted,2024-12-31,25.33470833333334,25.427308333333336,25.205424999999998,25.25635,25.680733333333333,26.176625,26.504783333333332,26.943508333333334,26.721850000000003,25.648974999999997,25.540133333333337,26.063208333333336,26.597749999999998,27.259225,27.903433333333332,28.54999166666667,29.18965,29.518891666666665,29.63481666666667,29.702424999999998,26.18391666666667,27.42866666666667,29.00935,29.60653333333334,29.723275,29.896828728498967,29.998217403255595,30.06647191704398,30.192460404290166,30.377556621367933,30.640216513437878,30.885958477171307,31.03581551490454,31.120217665855698,31.19023480139049,31.27591896340651,31.392879598347065,31.509469766634595,31.619798617100265,31.732922813667166,31.83661061191969,31.93702798290611,32.028963601263214,32.11090736243142,32.189021984064155,32.258227876666425,32.31852783885588,32.35887469417845,32.392177839690916,32.43078773977629,32.46934388919173,32.506445798829546,32.5378359416863,32.54974822980317,32.54133320892109,32.52060835150354
204,0,USFOR.db,"Baseline Scenario (July 2025): Employment: Secondary Industries, (Mil. #, SA)",NA,ANNUAL,United States,FESECQ.IUSA,jobs_NA_us,AVERAGED,U.S. Bureau of Labor Statistics (BLS); Moody's Analytics Forecasted,2024-12-31,24.654208333333333,23.866208333333333,22.568525,21.821,21.851733333333335,22.111416666666663,22.390400000000003,22.052083333333336,21.115766666666666,18.413566666666668,17.585308333333334,17.792908333333333,18.1059,18.405708333333333,18.862125,19.323608333333333,19.6065,19.928866666666664,20.494683333333334,20.821225,19.923241666666666,20.293708333333335,21.090608333333332,21.456008333333337,21.620058333333333,21.68766773536521,21.679817322032306,21.645531768669578,21.62290838269068,21.574934462857946,21.54022504920914,21.491092337869535,21.38885818301273,21.226720363014458,21.05290846944575,20.901776152146972,20.78932194102393,20.69188298329862,20.59369765616165,20.50409389030857,20.400531882057898,20.29026751006887,20.180262978236577,20.071491053135002,19.965263401545986,19.859336857383287,19.759264504337445,19.655860561392323,19.542366119774677,19.435998143938882,19.346565775209548,19.261374660382774,19.17356975350559,19.077138453479435,18.968791025391898,18.849502406140743
204,0,USFOR.db,"Baseline Scenario (July 2025): Employment: Tertiary Industries, (Mil. #, SA)",NA,ANNUAL,United States,FETERQ.IUSA,jobs_NA_us,AVERAGED,U.S. Bureau of Labor Statistics (BLS); Moody's Analytics Forecasted,2024-12-31,106.76418333333334,107.60594999999999,107.4824,107.93226666666668,109.31341666666667,111.28432500000001,113.3581,115.20288333333335,115.34429166666666,112.1834,112.04483333333334,113.33615,115.20045833333333,117.092025,119.17010833333333,121.66445833333333,124.05750833333335,126.00648333333334,127.67228333333333,129.35755833333332,121.63875,125.42378333333333,130.84004166666668,133.7848,135.7135583333333,137.32069768581846,137.79750687672572,138.23332198757274,139.06828261325546,140.15937180048047,141.60670521654166,142.9838011672544,143.8593597469075,144.37960847118296,144.76701567980018,145.19232820114408,145.79042715435807,146.4346286815993,147.0582793191756,147.68317451982045,148.25001909742187,148.77810313145812,149.2670298317144,149.71755349522195,150.13690790804182,150.5352374736912,150.89982475191755,151.19959562291393,151.47644812259566,151.7724451120605,152.0738297041695,152.37838512384593,152.66683540816743,152.89105693438262,153.03323361261448,153.12013826718496
204,0,USFOR.db,"Baseline Scenario (July 2025): Employment - Warehouse-using industries, (Mil. #, SA)",NA,ANNUAL,United States,FEWARQ.IUSA,jobs_NA_us,AVERAGED,U.S. Bureau of Labor Statistics (BLS); Moody's Analytics Forecasted,2024-12-31,21.667233333333332,20.802675,19.468908333333335,18.679591666666667,18.552333333333333,18.5735,18.608774999999998,18.400566666666666,17.890441666666668,16.061458333333334,15.694199999999999,16.00205,16.311183333333332,16.482583333333334,16.80645833333333,17.163575,17.324116666666665,17.58686666666667,18.080025,18.4441,17.760291666666667,18.45235,19.374650000000003,19.46025,19.471808333333335,19.52478029033223,19.56204217564619,19.618847157040197,19.682905736302807,19.730510770030904,19.78786443966247,19.812055558297214,19.761516816723105,19.65910130902615,19.54268478898373,19.440713911645666,19.36457929646899,19.30010755616073,19.23870946992725,19.1797120111462,19.11085510918997,19.037977876546172,18.963800111217513,18.889090022745215,18.81789058784074,18.749581189063875,18.68404431840237,18.6143298881166,18.540276101111814,18.46961524965822,18.40433641807744,18.340997065886473,18.276301237610383,18.205332013327595,18.125712642474866,18.03989747582829
204,0,USFOR.db,"Baseline Scenario (July 2025): Employment: Government and government enterprises - Military, (Mil. #, SA)",NA,ANNUAL,United States,FEML.IUSA,jobs_NA_us,AVERAGED,U.S. Bureau of Economic Analysis (BEA); Moody's Analytics Forecasted,2021-12-31,2.0669987885426826,2.0709679052900056,2.0969390550631366,2.110005112455039,2.082070326585522,2.02607030791955,2.0399657604178394,2.041964462509667,2.0789609768043427,2.091977069212142,2.100005075754188,2.081059160300857,2.0560291833912494,2.032093626695672,1.975114265580973,1.9569959957208112,1.9779642520953258,1.9850921366885224,1.898142305130558,1.9049562213309081,1.9129859524446795,1.9289571474478548,1.9308188615214525,1.9230232882126725,1.9159090677735973,1.9079937342235351,1.8998608270257076,1.89246147128126,1.8854181046537326,1.8775762365183326,1.8703717371618849,1.8631840672960025,1.8551328904012752,1.8470023515386724,1.8387973004277998,1.82972113047652,1.82137155129789,1.8152519117354275,1.8098756924361674,1.80382102626949,1.79740558592835,1.790994931072105,1.7846082036404225,1.7782478766691099,1.7719098391375825,1.7655947012754525,1.7593022236273101,1.75303182979934,1.7467726248923698,1.7405207758791947,1.7342899089707626,1.7280813478589199,1.7218950126914676,1.715730823902045,1.7095887022091425,1.7034685686150475
